

============================== 07:32:50.013865 | 30fbfc75-6da1-4edd-a05a-59781f8b8001 ==============================
[0m07:32:50.013865 [info ] [Dummy-1   ]: Running with dbt=1.9.4
[0m07:32:50.014751 [debug] [Dummy-1   ]: running dbt with arguments {'printer_width': '80', 'indirect_selection': 'eager', 'log_cache_events': 'False', 'write_json': 'True', 'partial_parse': 'True', 'cache_selected_only': 'False', 'profiles_dir': '/tmp/dbt/', 'debug': 'False', 'warn_error': 'None', 'log_path': '/tmp/dbt/logs', 'version_check': 'True', 'fail_fast': 'False', 'use_colors': 'True', 'use_experimental_parser': 'False', 'no_print': 'None', 'quiet': 'False', 'empty': 'False', 'warn_error_options': 'WarnErrorOptions(include=[], exclude=[])', 'invocation_command': 'dbt ', 'log_format': 'default', 'static_parser': 'True', 'target_path': '/tmp/dbt/target/', 'introspect': 'True', 'send_anonymous_usage_stats': 'False'}
[0m07:32:50.298162 [info ] [Dummy-1   ]: Registered adapter: snowflake=1.9.2
[0m07:32:50.339128 [debug] [Dummy-1   ]: checksum: 53ed91fada2233efb98368d1716b44ab532c83a9c293cf1890b7905d5b45fb25, vars: {}, profile: , target: dev, version: 1.9.4
[0m07:32:50.340347 [info ] [Dummy-1   ]: Unable to do partial parsing because saved manifest not found. Starting full parse.
[0m07:32:52.120929 [debug] [Dummy-1   ]: Wrote artifact WritableManifest to /tmp/dbt/target/manifest.json
[0m07:32:52.123028 [debug] [Dummy-1   ]: Wrote artifact SemanticManifest to /tmp/dbt/target/semantic_manifest.json
[0m07:32:52.165279 [info ] [Dummy-1   ]: Found 6 models, 20 data tests, 4 sources, 474 macros
[0m07:32:52.168058 [info ] [Dummy-1   ]: 
[0m07:32:52.168874 [info ] [Dummy-1   ]: Concurrency: 4 threads (target='dev')
[0m07:32:52.169429 [info ] [Dummy-1   ]: 
[0m07:32:52.170160 [debug] [Dummy-1   ]: Acquiring new snowflake connection 'master'
[0m07:32:52.176047 [debug] [ThreadPool]: Acquiring new snowflake connection 'list_DBT_DEMO'
[0m07:32:52.177187 [debug] [ThreadPool]: Acquiring new snowflake connection 'list_DBT_DEMO'
[0m07:32:52.267249 [debug] [ThreadPool]: Using snowflake connection "list_DBT_DEMO"
[0m07:32:52.267880 [debug] [ThreadPool]: Using snowflake connection "list_DBT_DEMO"
[0m07:32:52.268447 [debug] [ThreadPool]: On list_DBT_DEMO: /* {"app": "dbt", "dbt_version": "1.9.4", "profile_name": "dbt_demo", "target_name": "dev", "connection_name": "list_DBT_DEMO"} */
show terse schemas in database DBT_DEMO
    limit 10000
[0m07:32:52.268946 [debug] [ThreadPool]: On list_DBT_DEMO: /* {"app": "dbt", "dbt_version": "1.9.4", "profile_name": "dbt_demo", "target_name": "dev", "connection_name": "list_DBT_DEMO"} */
show terse schemas in database DBT_DEMO
    limit 10000
[0m07:32:52.269385 [debug] [ThreadPool]: Opening a new connection, currently in state init
[0m07:32:52.269824 [debug] [ThreadPool]: Opening a new connection, currently in state init
[0m07:32:52.978206 [debug] [ThreadPool]: SQL status: SUCCESS 5 in 0.708 seconds
[0m07:32:53.019645 [debug] [ThreadPool]: SQL status: SUCCESS 5 in 0.750 seconds
[0m07:32:53.021758 [debug] [ThreadPool]: Re-using an available connection from the pool (formerly list_DBT_DEMO, now create_DBT_DEMO_RAW_staging)
[0m07:32:53.022265 [debug] [ThreadPool]: Re-using an available connection from the pool (formerly list_DBT_DEMO, now create_DBT_DEMO_RAW_marts)
[0m07:32:53.022908 [debug] [ThreadPool]: Creating schema "database: "DBT_DEMO"
schema: "RAW_staging"
"
[0m07:32:53.023506 [debug] [ThreadPool]: Creating schema "database: "DBT_DEMO"
schema: "RAW_marts"
"
[0m07:32:53.033703 [debug] [ThreadPool]: Using snowflake connection "create_DBT_DEMO_RAW_staging"
[0m07:32:53.040591 [debug] [ThreadPool]: Using snowflake connection "create_DBT_DEMO_RAW_marts"
[0m07:32:53.041068 [debug] [ThreadPool]: On create_DBT_DEMO_RAW_staging: /* {"app": "dbt", "dbt_version": "1.9.4", "profile_name": "dbt_demo", "target_name": "dev", "connection_name": "create_DBT_DEMO_RAW_staging"} */
create schema if not exists DBT_DEMO.RAW_staging
[0m07:32:53.041533 [debug] [ThreadPool]: On create_DBT_DEMO_RAW_marts: /* {"app": "dbt", "dbt_version": "1.9.4", "profile_name": "dbt_demo", "target_name": "dev", "connection_name": "create_DBT_DEMO_RAW_marts"} */
create schema if not exists DBT_DEMO.RAW_marts
[0m07:32:53.041987 [debug] [ThreadPool]: Opening a new connection, currently in state init
[0m07:32:53.042426 [debug] [ThreadPool]: Opening a new connection, currently in state init
[0m07:32:53.959890 [debug] [ThreadPool]: SQL status: SUCCESS 1 in 0.917 seconds
[0m07:32:53.999699 [debug] [ThreadPool]: SQL status: SUCCESS 1 in 0.958 seconds
[0m07:32:54.003187 [debug] [ThreadPool]: Acquiring new snowflake connection 'list_DBT_DEMO_RAW_staging'
[0m07:32:54.004183 [debug] [ThreadPool]: Re-using an available connection from the pool (formerly create_DBT_DEMO_RAW_marts, now list_DBT_DEMO_RAW_marts)
[0m07:32:54.021624 [debug] [ThreadPool]: Using snowflake connection "list_DBT_DEMO_RAW_staging"
[0m07:32:54.028873 [debug] [ThreadPool]: Using snowflake connection "list_DBT_DEMO_RAW_marts"
[0m07:32:54.029400 [debug] [ThreadPool]: On list_DBT_DEMO_RAW_staging: /* {"app": "dbt", "dbt_version": "1.9.4", "profile_name": "dbt_demo", "target_name": "dev", "connection_name": "list_DBT_DEMO_RAW_staging"} */
alter session set quoted_identifiers_ignore_case = false;
[0m07:32:54.029887 [debug] [ThreadPool]: On list_DBT_DEMO_RAW_marts: /* {"app": "dbt", "dbt_version": "1.9.4", "profile_name": "dbt_demo", "target_name": "dev", "connection_name": "list_DBT_DEMO_RAW_marts"} */
alter session set quoted_identifiers_ignore_case = false;
[0m07:32:54.030331 [debug] [ThreadPool]: Opening a new connection, currently in state init
[0m07:32:54.030764 [debug] [ThreadPool]: Opening a new connection, currently in state init
[0m07:32:54.786901 [debug] [ThreadPool]: SQL status: SUCCESS 1 in 0.756 seconds
[0m07:32:54.787686 [debug] [ThreadPool]: SQL status: SUCCESS 1 in 0.757 seconds
[0m07:32:54.792012 [debug] [ThreadPool]: Using snowflake connection "list_DBT_DEMO_RAW_staging"
[0m07:32:54.793654 [debug] [ThreadPool]: Using snowflake connection "list_DBT_DEMO_RAW_marts"
[0m07:32:54.794145 [debug] [ThreadPool]: On list_DBT_DEMO_RAW_staging: /* {"app": "dbt", "dbt_version": "1.9.4", "profile_name": "dbt_demo", "target_name": "dev", "connection_name": "list_DBT_DEMO_RAW_staging"} */
show objects in DBT_DEMO.RAW_staging
    limit 10000
    
;
[0m07:32:54.794629 [debug] [ThreadPool]: On list_DBT_DEMO_RAW_marts: /* {"app": "dbt", "dbt_version": "1.9.4", "profile_name": "dbt_demo", "target_name": "dev", "connection_name": "list_DBT_DEMO_RAW_marts"} */
show objects in DBT_DEMO.RAW_marts
    limit 10000
    
;
[0m07:32:54.915695 [debug] [ThreadPool]: SQL status: SUCCESS 0 in 0.120 seconds
[0m07:32:54.917877 [debug] [ThreadPool]: Using snowflake connection "list_DBT_DEMO_RAW_marts"
[0m07:32:54.918448 [debug] [ThreadPool]: On list_DBT_DEMO_RAW_marts: /* {"app": "dbt", "dbt_version": "1.9.4", "profile_name": "dbt_demo", "target_name": "dev", "connection_name": "list_DBT_DEMO_RAW_marts"} */
alter session unset quoted_identifiers_ignore_case;
[0m07:32:54.934670 [debug] [ThreadPool]: SQL status: SUCCESS 0 in 0.139 seconds
[0m07:32:54.936458 [debug] [ThreadPool]: Using snowflake connection "list_DBT_DEMO_RAW_staging"
[0m07:32:54.936927 [debug] [ThreadPool]: On list_DBT_DEMO_RAW_staging: /* {"app": "dbt", "dbt_version": "1.9.4", "profile_name": "dbt_demo", "target_name": "dev", "connection_name": "list_DBT_DEMO_RAW_staging"} */
alter session unset quoted_identifiers_ignore_case;
[0m07:32:55.102275 [debug] [ThreadPool]: SQL status: SUCCESS 1 in 0.183 seconds
[0m07:32:55.103032 [debug] [ThreadPool]: SQL status: SUCCESS 1 in 0.166 seconds
[0m07:32:55.111149 [debug] [Thread-2 (]: Began running node model.dbt_demo.stg_customers
[0m07:32:55.111783 [debug] [Thread-3 (]: Began running node model.dbt_demo.stg_order_items
[0m07:32:55.112384 [debug] [Thread-4 (]: Began running node model.dbt_demo.stg_orders
[0m07:32:55.113036 [debug] [Thread-5 (]: Began running node model.dbt_demo.stg_products
[0m07:32:55.113765 [info ] [Thread-2 (]: 1 of 6 START sql view model RAW_staging.stg_customers .......................... [RUN]
[0m07:32:55.114544 [info ] [Thread-3 (]: 2 of 6 START sql view model RAW_staging.stg_order_items ........................ [RUN]
[0m07:32:55.115329 [info ] [Thread-4 (]: 3 of 6 START sql view model RAW_staging.stg_orders ............................. [RUN]
[0m07:32:55.116113 [info ] [Thread-5 (]: 4 of 6 START sql view model RAW_staging.stg_products ........................... [RUN]
[0m07:32:55.116758 [debug] [Thread-2 (]: Re-using an available connection from the pool (formerly list_DBT_DEMO_RAW_staging, now model.dbt_demo.stg_customers)
[0m07:32:55.117301 [debug] [Thread-3 (]: Re-using an available connection from the pool (formerly list_DBT_DEMO_RAW_marts, now model.dbt_demo.stg_order_items)
[0m07:32:55.117835 [debug] [Thread-4 (]: Re-using an available connection from the pool (formerly create_DBT_DEMO_RAW_staging, now model.dbt_demo.stg_orders)
[0m07:32:55.118503 [debug] [Thread-5 (]: Acquiring new snowflake connection 'model.dbt_demo.stg_products'
[0m07:32:55.118997 [debug] [Thread-2 (]: Began compiling node model.dbt_demo.stg_customers
[0m07:32:55.119449 [debug] [Thread-3 (]: Began compiling node model.dbt_demo.stg_order_items
[0m07:32:55.119897 [debug] [Thread-4 (]: Began compiling node model.dbt_demo.stg_orders
[0m07:32:55.120365 [debug] [Thread-5 (]: Began compiling node model.dbt_demo.stg_products
[0m07:32:55.133469 [debug] [Thread-2 (]: Writing injected SQL for node "model.dbt_demo.stg_customers"
[0m07:32:55.140858 [debug] [Thread-3 (]: Writing injected SQL for node "model.dbt_demo.stg_order_items"
[0m07:32:55.148921 [debug] [Thread-4 (]: Writing injected SQL for node "model.dbt_demo.stg_orders"
[0m07:32:55.156176 [debug] [Thread-5 (]: Writing injected SQL for node "model.dbt_demo.stg_products"
[0m07:32:55.157624 [debug] [Thread-3 (]: Began executing node model.dbt_demo.stg_order_items
[0m07:32:55.158295 [debug] [Thread-2 (]: Began executing node model.dbt_demo.stg_customers
[0m07:32:55.158934 [debug] [Thread-4 (]: Began executing node model.dbt_demo.stg_orders
[0m07:32:55.181689 [debug] [Thread-5 (]: Began executing node model.dbt_demo.stg_products
[0m07:32:55.201001 [debug] [Thread-3 (]: Writing runtime sql for node "model.dbt_demo.stg_order_items"
[0m07:32:55.208209 [debug] [Thread-2 (]: Writing runtime sql for node "model.dbt_demo.stg_customers"
[0m07:32:55.215407 [debug] [Thread-4 (]: Writing runtime sql for node "model.dbt_demo.stg_orders"
[0m07:32:55.296627 [debug] [Thread-5 (]: Writing runtime sql for node "model.dbt_demo.stg_products"
[0m07:32:55.298981 [debug] [Thread-3 (]: Using snowflake connection "model.dbt_demo.stg_order_items"
[0m07:32:55.299968 [debug] [Thread-2 (]: Using snowflake connection "model.dbt_demo.stg_customers"
[0m07:32:55.300842 [debug] [Thread-4 (]: Using snowflake connection "model.dbt_demo.stg_orders"
[0m07:32:55.301450 [debug] [Thread-3 (]: On model.dbt_demo.stg_order_items: /* {"app": "dbt", "dbt_version": "1.9.4", "profile_name": "dbt_demo", "target_name": "dev", "node_id": "model.dbt_demo.stg_order_items"} */
create or replace   view DBT_DEMO.RAW_staging.stg_order_items
  
   as (
    with source as (
    select * from DBT_DEMO.RAW.order_items
),

renamed as (
    select
        order_item_id,
        order_id,
        product_id,
        quantity
    from source
)

select * from renamed
  );
[0m07:32:55.302378 [debug] [Thread-5 (]: Using snowflake connection "model.dbt_demo.stg_products"
[0m07:32:55.302919 [debug] [Thread-2 (]: On model.dbt_demo.stg_customers: /* {"app": "dbt", "dbt_version": "1.9.4", "profile_name": "dbt_demo", "target_name": "dev", "node_id": "model.dbt_demo.stg_customers"} */
create or replace   view DBT_DEMO.RAW_staging.stg_customers
  
   as (
    with source as (
    select * from DBT_DEMO.RAW.customers
),

renamed as (
    select
        customer_id,
        first_name,
        last_name,
        first_name || ' ' || last_name as full_name,
        email,
        country,
        created_at as customer_created_at
    from source
)

select * from renamed
  );
[0m07:32:55.303448 [debug] [Thread-4 (]: On model.dbt_demo.stg_orders: /* {"app": "dbt", "dbt_version": "1.9.4", "profile_name": "dbt_demo", "target_name": "dev", "node_id": "model.dbt_demo.stg_orders"} */
create or replace   view DBT_DEMO.RAW_staging.stg_orders
  
   as (
    with source as (
    select * from DBT_DEMO.RAW.orders
),

renamed as (
    select
        order_id,
        customer_id,
        order_date,
        status as order_status
    from source
)

select * from renamed
  );
[0m07:32:55.303957 [debug] [Thread-3 (]: Opening a new connection, currently in state init
[0m07:32:55.304474 [debug] [Thread-5 (]: On model.dbt_demo.stg_products: /* {"app": "dbt", "dbt_version": "1.9.4", "profile_name": "dbt_demo", "target_name": "dev", "node_id": "model.dbt_demo.stg_products"} */
create or replace   view DBT_DEMO.RAW_staging.stg_products
  
   as (
    with source as (
    select * from DBT_DEMO.RAW.products
),

renamed as (
    select
        product_id,
        product_name,
        category,
        price as unit_price
    from source
)

select * from renamed
  );
[0m07:32:55.304964 [debug] [Thread-2 (]: Opening a new connection, currently in state init
[0m07:32:55.305428 [debug] [Thread-4 (]: Opening a new connection, currently in state init
[0m07:32:55.306050 [debug] [Thread-5 (]: Opening a new connection, currently in state init
[0m07:32:56.318839 [debug] [Thread-3 (]: SQL status: SUCCESS 1 in 1.015 seconds
[0m07:32:56.335422 [debug] [Thread-5 (]: SQL status: SUCCESS 1 in 1.029 seconds
[0m07:32:56.336219 [debug] [Thread-4 (]: SQL status: SUCCESS 1 in 1.031 seconds
[0m07:32:56.336942 [debug] [Thread-2 (]: SQL status: SUCCESS 1 in 1.032 seconds
[0m07:32:56.350633 [info ] [Thread-3 (]: 2 of 6 OK created sql view model RAW_staging.stg_order_items ................... [[32mSUCCESS 1[0m in 1.23s]
[0m07:32:56.351459 [info ] [Thread-5 (]: 4 of 6 OK created sql view model RAW_staging.stg_products ...................... [[32mSUCCESS 1[0m in 1.23s]
[0m07:32:56.352273 [info ] [Thread-4 (]: 3 of 6 OK created sql view model RAW_staging.stg_orders ........................ [[32mSUCCESS 1[0m in 1.23s]
[0m07:32:56.353094 [info ] [Thread-2 (]: 1 of 6 OK created sql view model RAW_staging.stg_customers ..................... [[32mSUCCESS 1[0m in 1.23s]
[0m07:32:56.353824 [debug] [Thread-3 (]: Finished running node model.dbt_demo.stg_order_items
[0m07:32:56.354471 [debug] [Thread-5 (]: Finished running node model.dbt_demo.stg_products
[0m07:32:56.355108 [debug] [Thread-4 (]: Finished running node model.dbt_demo.stg_orders
[0m07:32:56.355738 [debug] [Thread-2 (]: Finished running node model.dbt_demo.stg_customers
[0m07:32:56.357984 [debug] [Thread-3 (]: Began running node model.dbt_demo.fct_order_lines
[0m07:32:56.359156 [debug] [Thread-4 (]: Began running node model.dbt_demo.dim_customers
[0m07:32:56.359896 [info ] [Thread-3 (]: 5 of 6 START sql table model RAW_marts.fct_order_lines ......................... [RUN]
[0m07:32:56.360695 [info ] [Thread-4 (]: 6 of 6 START sql table model RAW_marts.dim_customers ........................... [RUN]
[0m07:32:56.361334 [debug] [Thread-3 (]: Re-using an available connection from the pool (formerly model.dbt_demo.stg_order_items, now model.dbt_demo.fct_order_lines)
[0m07:32:56.361852 [debug] [Thread-4 (]: Re-using an available connection from the pool (formerly model.dbt_demo.stg_orders, now model.dbt_demo.dim_customers)
[0m07:32:56.362330 [debug] [Thread-3 (]: Began compiling node model.dbt_demo.fct_order_lines
[0m07:32:56.362784 [debug] [Thread-4 (]: Began compiling node model.dbt_demo.dim_customers
[0m07:32:56.371782 [debug] [Thread-3 (]: Writing injected SQL for node "model.dbt_demo.fct_order_lines"
[0m07:32:56.379810 [debug] [Thread-4 (]: Writing injected SQL for node "model.dbt_demo.dim_customers"
[0m07:32:56.380745 [debug] [Thread-3 (]: Began executing node model.dbt_demo.fct_order_lines
[0m07:32:56.381265 [debug] [Thread-4 (]: Began executing node model.dbt_demo.dim_customers
[0m07:32:56.409538 [debug] [Thread-3 (]: Writing runtime sql for node "model.dbt_demo.fct_order_lines"
[0m07:32:56.417979 [debug] [Thread-4 (]: Writing runtime sql for node "model.dbt_demo.dim_customers"
[0m07:32:56.420046 [debug] [Thread-3 (]: Using snowflake connection "model.dbt_demo.fct_order_lines"
[0m07:32:56.421870 [debug] [Thread-4 (]: Using snowflake connection "model.dbt_demo.dim_customers"
[0m07:32:56.422469 [debug] [Thread-3 (]: On model.dbt_demo.fct_order_lines: /* {"app": "dbt", "dbt_version": "1.9.4", "profile_name": "dbt_demo", "target_name": "dev", "node_id": "model.dbt_demo.fct_order_lines"} */
create or replace transient table DBT_DEMO.RAW_marts.fct_order_lines
         as
        (with orders as (
    select * from DBT_DEMO.RAW_staging.stg_orders
),

order_items as (
    select * from DBT_DEMO.RAW_staging.stg_order_items
),

products as (
    select * from DBT_DEMO.RAW_staging.stg_products
),

final as (
    select
        oi.order_item_id,
        o.order_id,
        o.customer_id,
        o.order_date,
        o.order_status,
        oi.product_id,
        p.product_name,
        p.category,
        oi.quantity,
        p.unit_price,
        oi.quantity * p.unit_price as line_total
    from orders o
    join order_items oi on o.order_id = oi.order_id
    join products p on oi.product_id = p.product_id
)

select * from final
        );
[0m07:32:56.423170 [debug] [Thread-4 (]: On model.dbt_demo.dim_customers: /* {"app": "dbt", "dbt_version": "1.9.4", "profile_name": "dbt_demo", "target_name": "dev", "node_id": "model.dbt_demo.dim_customers"} */
create or replace transient table DBT_DEMO.RAW_marts.dim_customers
         as
        (with customers as (
    select * from DBT_DEMO.RAW_staging.stg_customers
),

orders as (
    select * from DBT_DEMO.RAW_staging.stg_orders
),

order_items as (
    select * from DBT_DEMO.RAW_staging.stg_order_items
),

products as (
    select * from DBT_DEMO.RAW_staging.stg_products
),

order_totals as (
    select
        o.order_id,
        o.customer_id,
        o.order_date,
        o.order_status,
        sum(oi.quantity * p.unit_price) as order_total
    from orders o
    join order_items oi on o.order_id = oi.order_id
    join products p on oi.product_id = p.product_id
    group by 1, 2, 3, 4
),

customer_metrics as (
    select
        c.customer_id,
        c.full_name,
        c.email,
        c.country,
        c.customer_created_at,
        count(distinct ot.order_id) as total_orders,
        coalesce(sum(ot.order_total), 0) as lifetime_value,
        min(ot.order_date) as first_order_date,
        max(ot.order_date) as last_order_date
    from customers c
    left join order_totals ot on c.customer_id = ot.customer_id
    group by 1, 2, 3, 4, 5
)

select * from customer_metrics
        );
[0m07:32:56.423725 [debug] [Thread-3 (]: Opening a new connection, currently in state init
[0m07:32:56.424213 [debug] [Thread-4 (]: Opening a new connection, currently in state init
[0m07:32:58.923254 [debug] [Thread-3 (]: SQL status: SUCCESS 1 in 2.499 seconds
[0m07:32:58.926100 [info ] [Thread-3 (]: 5 of 6 OK created sql table model RAW_marts.fct_order_lines .................... [[32mSUCCESS 1[0m in 2.56s]
[0m07:32:58.926985 [debug] [Thread-3 (]: Finished running node model.dbt_demo.fct_order_lines
[0m07:32:58.983280 [debug] [Thread-4 (]: SQL status: SUCCESS 1 in 2.559 seconds
[0m07:32:58.985903 [info ] [Thread-4 (]: 6 of 6 OK created sql table model RAW_marts.dim_customers ...................... [[32mSUCCESS 1[0m in 2.62s]
[0m07:32:58.986617 [debug] [Thread-4 (]: Finished running node model.dbt_demo.dim_customers
[0m07:32:58.989617 [debug] [Dummy-1   ]: Connection 'master' was properly closed.
[0m07:32:58.990291 [debug] [Dummy-1   ]: Connection 'model.dbt_demo.fct_order_lines' was properly closed.
[0m07:32:58.990771 [debug] [Dummy-1   ]: Connection 'model.dbt_demo.dim_customers' was properly closed.
[0m07:32:58.991211 [debug] [Dummy-1   ]: Connection 'model.dbt_demo.stg_customers' was properly closed.
[0m07:32:58.991598 [debug] [Dummy-1   ]: Connection 'model.dbt_demo.stg_products' was properly closed.
[0m07:32:58.992229 [info ] [Dummy-1   ]: 
[0m07:32:58.992797 [info ] [Dummy-1   ]: Finished running 2 table models, 4 view models in 0 hours 0 minutes and 6.82 seconds (6.82s).
[0m07:32:58.994179 [debug] [Dummy-1   ]: Command end result
[0m07:32:59.019873 [debug] [Dummy-1   ]: Wrote artifact WritableManifest to /tmp/dbt/target/manifest.json
[0m07:32:59.021573 [debug] [Dummy-1   ]: Wrote artifact SemanticManifest to /tmp/dbt/target/semantic_manifest.json
[0m07:32:59.027913 [debug] [Dummy-1   ]: Wrote artifact RunExecutionResult to /tmp/dbt/target/run_results.json
[0m07:32:59.028565 [info ] [Dummy-1   ]: 
[0m07:32:59.029254 [info ] [Dummy-1   ]: [32mCompleted successfully[0m
[0m07:32:59.029817 [info ] [Dummy-1   ]: 
[0m07:32:59.030379 [info ] [Dummy-1   ]: Done. PASS=6 WARN=0 ERROR=0 SKIP=0 TOTAL=6
[0m07:32:59.031959 [debug] [Dummy-1   ]: Resource report: {"command_name": "run", "command_success": true, "command_wall_clock_time": 9.091694, "process_in_blocks": "0", "process_kernel_time": 0.84, "process_mem_max_rss": "515432", "process_out_blocks": "0", "process_user_time": 5.62}
[0m07:32:59.032533 [debug] [Dummy-1   ]: Command `cli run` succeeded at 07:32:59.032303 after 9.09 seconds
[0m07:32:59.032997 [debug] [Dummy-1   ]: Flushing usage events


============================== 07:37:55.237747 | 2a44fd84-cb17-4f9f-9352-54d60914daa2 ==============================
[0m07:37:55.237747 [info ] [Dummy-1   ]: Running with dbt=1.9.4
[0m07:37:55.238670 [debug] [Dummy-1   ]: running dbt with arguments {'printer_width': '80', 'indirect_selection': 'eager', 'log_cache_events': 'False', 'write_json': 'True', 'partial_parse': 'True', 'cache_selected_only': 'False', 'warn_error': 'None', 'fail_fast': 'False', 'profiles_dir': '/tmp/dbt/', 'log_path': '/tmp/dbt/logs', 'debug': 'False', 'version_check': 'True', 'use_colors': 'True', 'use_experimental_parser': 'False', 'no_print': 'None', 'quiet': 'False', 'empty': 'False', 'log_format': 'default', 'static_parser': 'True', 'warn_error_options': 'WarnErrorOptions(include=[], exclude=[])', 'introspect': 'True', 'target_path': '/tmp/dbt/target/', 'invocation_command': 'dbt ', 'send_anonymous_usage_stats': 'False'}
[0m07:37:55.526137 [info ] [Dummy-1   ]: Registered adapter: snowflake=1.9.2
[0m07:37:55.569223 [debug] [Dummy-1   ]: checksum: 53ed91fada2233efb98368d1716b44ab532c83a9c293cf1890b7905d5b45fb25, vars: {}, profile: , target: dev, version: 1.9.4
[0m07:37:55.837953 [debug] [Dummy-1   ]: Partial parsing enabled: 0 files deleted, 0 files added, 0 files changed.
[0m07:37:55.838550 [debug] [Dummy-1   ]: Partial parsing enabled, no changes found, skipping parsing
[0m07:37:55.987595 [debug] [Dummy-1   ]: Wrote artifact WritableManifest to /tmp/dbt/target/manifest.json
[0m07:37:55.989816 [debug] [Dummy-1   ]: Wrote artifact SemanticManifest to /tmp/dbt/target/semantic_manifest.json
[0m07:37:56.033901 [info ] [Dummy-1   ]: Found 6 models, 20 data tests, 4 sources, 474 macros
[0m07:37:56.036714 [info ] [Dummy-1   ]: 
[0m07:37:56.037389 [info ] [Dummy-1   ]: Concurrency: 4 threads (target='dev')
[0m07:37:56.038062 [info ] [Dummy-1   ]: 
[0m07:37:56.038833 [debug] [Dummy-1   ]: Acquiring new snowflake connection 'master'
[0m07:37:56.044891 [debug] [ThreadPool]: Acquiring new snowflake connection 'list_DBT_DEMO'
[0m07:37:56.046109 [debug] [ThreadPool]: Acquiring new snowflake connection 'list_DBT_DEMO'
[0m07:37:56.141070 [debug] [ThreadPool]: Using snowflake connection "list_DBT_DEMO"
[0m07:37:56.141785 [debug] [ThreadPool]: Using snowflake connection "list_DBT_DEMO"
[0m07:37:56.142332 [debug] [ThreadPool]: On list_DBT_DEMO: /* {"app": "dbt", "dbt_version": "1.9.4", "profile_name": "dbt_demo", "target_name": "dev", "connection_name": "list_DBT_DEMO"} */
show terse schemas in database DBT_DEMO
    limit 10000
[0m07:37:56.142837 [debug] [ThreadPool]: On list_DBT_DEMO: /* {"app": "dbt", "dbt_version": "1.9.4", "profile_name": "dbt_demo", "target_name": "dev", "connection_name": "list_DBT_DEMO"} */
show terse schemas in database DBT_DEMO
    limit 10000
[0m07:37:56.143309 [debug] [ThreadPool]: Opening a new connection, currently in state init
[0m07:37:56.143764 [debug] [ThreadPool]: Opening a new connection, currently in state init
[0m07:37:56.905216 [debug] [ThreadPool]: SQL status: SUCCESS 7 in 0.761 seconds
[0m07:37:56.908727 [debug] [ThreadPool]: SQL status: SUCCESS 7 in 0.765 seconds
[0m07:37:56.912783 [debug] [ThreadPool]: Acquiring new snowflake connection 'list_DBT_DEMO_RAW_staging'
[0m07:37:56.913838 [debug] [ThreadPool]: Re-using an available connection from the pool (formerly list_DBT_DEMO, now list_DBT_DEMO_RAW_marts)
[0m07:37:56.931102 [debug] [ThreadPool]: Using snowflake connection "list_DBT_DEMO_RAW_staging"
[0m07:37:56.939739 [debug] [ThreadPool]: Using snowflake connection "list_DBT_DEMO_RAW_marts"
[0m07:37:56.940319 [debug] [ThreadPool]: On list_DBT_DEMO_RAW_staging: /* {"app": "dbt", "dbt_version": "1.9.4", "profile_name": "dbt_demo", "target_name": "dev", "connection_name": "list_DBT_DEMO_RAW_staging"} */
alter session set quoted_identifiers_ignore_case = false;
[0m07:37:56.940921 [debug] [ThreadPool]: On list_DBT_DEMO_RAW_marts: /* {"app": "dbt", "dbt_version": "1.9.4", "profile_name": "dbt_demo", "target_name": "dev", "connection_name": "list_DBT_DEMO_RAW_marts"} */
alter session set quoted_identifiers_ignore_case = false;
[0m07:37:56.941441 [debug] [ThreadPool]: Opening a new connection, currently in state init
[0m07:37:56.941906 [debug] [ThreadPool]: Opening a new connection, currently in state init
[0m07:37:57.667688 [debug] [ThreadPool]: SQL status: SUCCESS 1 in 0.726 seconds
[0m07:37:57.668642 [debug] [ThreadPool]: SQL status: SUCCESS 1 in 0.727 seconds
[0m07:37:57.673467 [debug] [ThreadPool]: Using snowflake connection "list_DBT_DEMO_RAW_marts"
[0m07:37:57.675320 [debug] [ThreadPool]: Using snowflake connection "list_DBT_DEMO_RAW_staging"
[0m07:37:57.675896 [debug] [ThreadPool]: On list_DBT_DEMO_RAW_marts: /* {"app": "dbt", "dbt_version": "1.9.4", "profile_name": "dbt_demo", "target_name": "dev", "connection_name": "list_DBT_DEMO_RAW_marts"} */
show objects in DBT_DEMO.RAW_marts
    limit 10000
    
;
[0m07:37:57.676396 [debug] [ThreadPool]: On list_DBT_DEMO_RAW_staging: /* {"app": "dbt", "dbt_version": "1.9.4", "profile_name": "dbt_demo", "target_name": "dev", "connection_name": "list_DBT_DEMO_RAW_staging"} */
show objects in DBT_DEMO.RAW_staging
    limit 10000
    
;
[0m07:37:57.838290 [debug] [ThreadPool]: SQL status: SUCCESS 2 in 0.161 seconds
[0m07:37:57.840458 [debug] [ThreadPool]: Using snowflake connection "list_DBT_DEMO_RAW_marts"
[0m07:37:57.840977 [debug] [ThreadPool]: On list_DBT_DEMO_RAW_marts: /* {"app": "dbt", "dbt_version": "1.9.4", "profile_name": "dbt_demo", "target_name": "dev", "connection_name": "list_DBT_DEMO_RAW_marts"} */
alter session unset quoted_identifiers_ignore_case;
[0m07:37:57.852992 [debug] [ThreadPool]: SQL status: SUCCESS 4 in 0.176 seconds
[0m07:37:57.855168 [debug] [ThreadPool]: Using snowflake connection "list_DBT_DEMO_RAW_staging"
[0m07:37:57.855685 [debug] [ThreadPool]: On list_DBT_DEMO_RAW_staging: /* {"app": "dbt", "dbt_version": "1.9.4", "profile_name": "dbt_demo", "target_name": "dev", "connection_name": "list_DBT_DEMO_RAW_staging"} */
alter session unset quoted_identifiers_ignore_case;
[0m07:37:58.029686 [debug] [ThreadPool]: SQL status: SUCCESS 1 in 0.173 seconds
[0m07:37:58.030568 [debug] [ThreadPool]: SQL status: SUCCESS 1 in 0.189 seconds
[0m07:37:58.042356 [debug] [Thread-2 (]: Began running node model.dbt_demo.stg_customers
[0m07:37:58.043456 [debug] [Thread-3 (]: Began running node model.dbt_demo.stg_order_items
[0m07:37:58.044122 [debug] [Thread-4 (]: Began running node model.dbt_demo.stg_orders
[0m07:37:58.044759 [debug] [Thread-5 (]: Began running node model.dbt_demo.stg_products
[0m07:37:58.045614 [info ] [Thread-2 (]: 1 of 6 START sql view model RAW_staging.stg_customers .......................... [RUN]
[0m07:37:58.046482 [info ] [Thread-3 (]: 2 of 6 START sql view model RAW_staging.stg_order_items ........................ [RUN]
[0m07:37:58.047360 [info ] [Thread-4 (]: 3 of 6 START sql view model RAW_staging.stg_orders ............................. [RUN]
[0m07:37:58.048295 [info ] [Thread-5 (]: 4 of 6 START sql view model RAW_staging.stg_products ........................... [RUN]
[0m07:37:58.049002 [debug] [Thread-2 (]: Re-using an available connection from the pool (formerly list_DBT_DEMO_RAW_staging, now model.dbt_demo.stg_customers)
[0m07:37:58.049590 [debug] [Thread-3 (]: Re-using an available connection from the pool (formerly list_DBT_DEMO_RAW_marts, now model.dbt_demo.stg_order_items)
[0m07:37:58.050177 [debug] [Thread-4 (]: Re-using an available connection from the pool (formerly list_DBT_DEMO, now model.dbt_demo.stg_orders)
[0m07:37:58.050808 [debug] [Thread-5 (]: Acquiring new snowflake connection 'model.dbt_demo.stg_products'
[0m07:37:58.051336 [debug] [Thread-2 (]: Began compiling node model.dbt_demo.stg_customers
[0m07:37:58.051818 [debug] [Thread-3 (]: Began compiling node model.dbt_demo.stg_order_items
[0m07:37:58.052285 [debug] [Thread-4 (]: Began compiling node model.dbt_demo.stg_orders
[0m07:37:58.052753 [debug] [Thread-5 (]: Began compiling node model.dbt_demo.stg_products
[0m07:37:58.065479 [debug] [Thread-2 (]: Writing injected SQL for node "model.dbt_demo.stg_customers"
[0m07:37:58.074762 [debug] [Thread-3 (]: Writing injected SQL for node "model.dbt_demo.stg_order_items"
[0m07:37:58.083071 [debug] [Thread-4 (]: Writing injected SQL for node "model.dbt_demo.stg_orders"
[0m07:37:58.092158 [debug] [Thread-5 (]: Writing injected SQL for node "model.dbt_demo.stg_products"
[0m07:37:58.093380 [debug] [Thread-2 (]: Began executing node model.dbt_demo.stg_customers
[0m07:37:58.094165 [debug] [Thread-3 (]: Began executing node model.dbt_demo.stg_order_items
[0m07:37:58.095009 [debug] [Thread-4 (]: Began executing node model.dbt_demo.stg_orders
[0m07:37:58.117783 [debug] [Thread-5 (]: Began executing node model.dbt_demo.stg_products
[0m07:37:58.156972 [debug] [Thread-2 (]: Writing runtime sql for node "model.dbt_demo.stg_customers"
[0m07:37:58.165294 [debug] [Thread-3 (]: Writing runtime sql for node "model.dbt_demo.stg_order_items"
[0m07:37:58.173666 [debug] [Thread-4 (]: Writing runtime sql for node "model.dbt_demo.stg_orders"
[0m07:37:58.182470 [debug] [Thread-5 (]: Writing runtime sql for node "model.dbt_demo.stg_products"
[0m07:37:58.184140 [debug] [Thread-2 (]: Using snowflake connection "model.dbt_demo.stg_customers"
[0m07:37:58.185400 [debug] [Thread-3 (]: Using snowflake connection "model.dbt_demo.stg_order_items"
[0m07:37:58.186669 [debug] [Thread-4 (]: Using snowflake connection "model.dbt_demo.stg_orders"
[0m07:37:58.187304 [debug] [Thread-2 (]: On model.dbt_demo.stg_customers: /* {"app": "dbt", "dbt_version": "1.9.4", "profile_name": "dbt_demo", "target_name": "dev", "node_id": "model.dbt_demo.stg_customers"} */
create or replace   view DBT_DEMO.RAW_staging.stg_customers
  
   as (
    with source as (
    select * from DBT_DEMO.RAW.customers
),

renamed as (
    select
        customer_id,
        first_name,
        last_name,
        first_name || ' ' || last_name as full_name,
        email,
        country,
        created_at as customer_created_at
    from source
)

select * from renamed
  );
[0m07:37:58.188375 [debug] [Thread-5 (]: Using snowflake connection "model.dbt_demo.stg_products"
[0m07:37:58.188920 [debug] [Thread-3 (]: On model.dbt_demo.stg_order_items: /* {"app": "dbt", "dbt_version": "1.9.4", "profile_name": "dbt_demo", "target_name": "dev", "node_id": "model.dbt_demo.stg_order_items"} */
create or replace   view DBT_DEMO.RAW_staging.stg_order_items
  
   as (
    with source as (
    select * from DBT_DEMO.RAW.order_items
),

renamed as (
    select
        order_item_id,
        order_id,
        product_id,
        quantity
    from source
)

select * from renamed
  );
[0m07:37:58.189501 [debug] [Thread-4 (]: On model.dbt_demo.stg_orders: /* {"app": "dbt", "dbt_version": "1.9.4", "profile_name": "dbt_demo", "target_name": "dev", "node_id": "model.dbt_demo.stg_orders"} */
create or replace   view DBT_DEMO.RAW_staging.stg_orders
  
   as (
    with source as (
    select * from DBT_DEMO.RAW.orders
),

renamed as (
    select
        order_id,
        customer_id,
        order_date,
        status as order_status
    from source
)

select * from renamed
  );
[0m07:37:58.190075 [debug] [Thread-2 (]: Opening a new connection, currently in state init
[0m07:37:58.190587 [debug] [Thread-5 (]: On model.dbt_demo.stg_products: /* {"app": "dbt", "dbt_version": "1.9.4", "profile_name": "dbt_demo", "target_name": "dev", "node_id": "model.dbt_demo.stg_products"} */
create or replace   view DBT_DEMO.RAW_staging.stg_products
  
   as (
    with source as (
    select * from DBT_DEMO.RAW.products
),

renamed as (
    select
        product_id,
        product_name,
        category,
        price as unit_price
    from source
)

select * from renamed
  );
[0m07:37:58.191093 [debug] [Thread-3 (]: Opening a new connection, currently in state init
[0m07:37:58.191601 [debug] [Thread-4 (]: Opening a new connection, currently in state init
[0m07:37:58.192227 [debug] [Thread-5 (]: Opening a new connection, currently in state init
[0m07:37:59.139140 [debug] [Thread-2 (]: SQL status: SUCCESS 1 in 0.949 seconds
[0m07:37:59.140130 [debug] [Thread-3 (]: SQL status: SUCCESS 1 in 0.949 seconds
[0m07:37:59.152836 [debug] [Thread-5 (]: SQL status: SUCCESS 1 in 0.960 seconds
[0m07:37:59.174759 [info ] [Thread-2 (]: 1 of 6 OK created sql view model RAW_staging.stg_customers ..................... [[32mSUCCESS 1[0m in 1.12s]
[0m07:37:59.175684 [info ] [Thread-3 (]: 2 of 6 OK created sql view model RAW_staging.stg_order_items ................... [[32mSUCCESS 1[0m in 1.12s]
[0m07:37:59.176558 [info ] [Thread-5 (]: 4 of 6 OK created sql view model RAW_staging.stg_products ...................... [[32mSUCCESS 1[0m in 1.12s]
[0m07:37:59.177372 [debug] [Thread-2 (]: Finished running node model.dbt_demo.stg_customers
[0m07:37:59.178197 [debug] [Thread-3 (]: Finished running node model.dbt_demo.stg_order_items
[0m07:37:59.178900 [debug] [Thread-5 (]: Finished running node model.dbt_demo.stg_products
[0m07:37:59.183467 [debug] [Thread-4 (]: SQL status: SUCCESS 1 in 0.992 seconds
[0m07:37:59.186467 [info ] [Thread-4 (]: 3 of 6 OK created sql view model RAW_staging.stg_orders ........................ [[32mSUCCESS 1[0m in 1.14s]
[0m07:37:59.187266 [debug] [Thread-4 (]: Finished running node model.dbt_demo.stg_orders
[0m07:37:59.188784 [debug] [Thread-2 (]: Began running node model.dbt_demo.dim_customers
[0m07:37:59.189387 [debug] [Thread-3 (]: Began running node model.dbt_demo.fct_order_lines
[0m07:37:59.190436 [info ] [Thread-2 (]: 5 of 6 START sql table model RAW_marts.dim_customers ........................... [RUN]
[0m07:37:59.191238 [info ] [Thread-3 (]: 6 of 6 START sql table model RAW_marts.fct_order_lines ......................... [RUN]
[0m07:37:59.191934 [debug] [Thread-2 (]: Re-using an available connection from the pool (formerly model.dbt_demo.stg_customers, now model.dbt_demo.dim_customers)
[0m07:37:59.192512 [debug] [Thread-3 (]: Re-using an available connection from the pool (formerly model.dbt_demo.stg_order_items, now model.dbt_demo.fct_order_lines)
[0m07:37:59.193014 [debug] [Thread-2 (]: Began compiling node model.dbt_demo.dim_customers
[0m07:37:59.193540 [debug] [Thread-3 (]: Began compiling node model.dbt_demo.fct_order_lines
[0m07:37:59.202683 [debug] [Thread-2 (]: Writing injected SQL for node "model.dbt_demo.dim_customers"
[0m07:37:59.212714 [debug] [Thread-3 (]: Writing injected SQL for node "model.dbt_demo.fct_order_lines"
[0m07:37:59.213734 [debug] [Thread-2 (]: Began executing node model.dbt_demo.dim_customers
[0m07:37:59.214398 [debug] [Thread-3 (]: Began executing node model.dbt_demo.fct_order_lines
[0m07:37:59.244653 [debug] [Thread-2 (]: Writing runtime sql for node "model.dbt_demo.dim_customers"
[0m07:37:59.338286 [debug] [Thread-3 (]: Writing runtime sql for node "model.dbt_demo.fct_order_lines"
[0m07:37:59.340829 [debug] [Thread-2 (]: Using snowflake connection "model.dbt_demo.dim_customers"
[0m07:37:59.341724 [debug] [Thread-2 (]: On model.dbt_demo.dim_customers: /* {"app": "dbt", "dbt_version": "1.9.4", "profile_name": "dbt_demo", "target_name": "dev", "node_id": "model.dbt_demo.dim_customers"} */
create or replace transient table DBT_DEMO.RAW_marts.dim_customers
         as
        (with customers as (
    select * from DBT_DEMO.RAW_staging.stg_customers
),

orders as (
    select * from DBT_DEMO.RAW_staging.stg_orders
),

order_items as (
    select * from DBT_DEMO.RAW_staging.stg_order_items
),

products as (
    select * from DBT_DEMO.RAW_staging.stg_products
),

order_totals as (
    select
        o.order_id,
        o.customer_id,
        o.order_date,
        o.order_status,
        sum(oi.quantity * p.unit_price) as order_total
    from orders o
    join order_items oi on o.order_id = oi.order_id
    join products p on oi.product_id = p.product_id
    group by 1, 2, 3, 4
),

customer_metrics as (
    select
        c.customer_id,
        c.full_name,
        c.email,
        c.country,
        c.customer_created_at,
        count(distinct ot.order_id) as total_orders,
        coalesce(sum(ot.order_total), 0) as lifetime_value,
        min(ot.order_date) as first_order_date,
        max(ot.order_date) as last_order_date
    from customers c
    left join order_totals ot on c.customer_id = ot.customer_id
    group by 1, 2, 3, 4, 5
)

select * from customer_metrics
        );
[0m07:37:59.343218 [debug] [Thread-3 (]: Using snowflake connection "model.dbt_demo.fct_order_lines"
[0m07:37:59.343752 [debug] [Thread-2 (]: Opening a new connection, currently in state init
[0m07:37:59.344338 [debug] [Thread-3 (]: On model.dbt_demo.fct_order_lines: /* {"app": "dbt", "dbt_version": "1.9.4", "profile_name": "dbt_demo", "target_name": "dev", "node_id": "model.dbt_demo.fct_order_lines"} */
create or replace transient table DBT_DEMO.RAW_marts.fct_order_lines
         as
        (with orders as (
    select * from DBT_DEMO.RAW_staging.stg_orders
),

order_items as (
    select * from DBT_DEMO.RAW_staging.stg_order_items
),

products as (
    select * from DBT_DEMO.RAW_staging.stg_products
),

final as (
    select
        oi.order_item_id,
        o.order_id,
        o.customer_id,
        o.order_date,
        o.order_status,
        oi.product_id,
        p.product_name,
        p.category,
        oi.quantity,
        p.unit_price,
        oi.quantity * p.unit_price as line_total
    from orders o
    join order_items oi on o.order_id = oi.order_id
    join products p on oi.product_id = p.product_id
)

select * from final
        );
[0m07:37:59.345002 [debug] [Thread-3 (]: Opening a new connection, currently in state init
[0m07:38:02.068630 [debug] [Thread-3 (]: SQL status: SUCCESS 1 in 2.723 seconds
[0m07:38:02.072280 [info ] [Thread-3 (]: 6 of 6 OK created sql table model RAW_marts.fct_order_lines .................... [[32mSUCCESS 1[0m in 2.88s]
[0m07:38:02.073162 [debug] [Thread-3 (]: Finished running node model.dbt_demo.fct_order_lines
[0m07:38:02.079801 [debug] [Thread-2 (]: SQL status: SUCCESS 1 in 2.736 seconds
[0m07:38:02.083051 [info ] [Thread-2 (]: 5 of 6 OK created sql table model RAW_marts.dim_customers ...................... [[32mSUCCESS 1[0m in 2.89s]
[0m07:38:02.083923 [debug] [Thread-2 (]: Finished running node model.dbt_demo.dim_customers
[0m07:38:02.087871 [debug] [Dummy-1   ]: Connection 'master' was properly closed.
[0m07:38:02.088853 [debug] [Dummy-1   ]: Connection 'model.dbt_demo.stg_orders' was properly closed.
[0m07:38:02.089324 [debug] [Dummy-1   ]: Connection 'model.dbt_demo.fct_order_lines' was properly closed.
[0m07:38:02.089805 [debug] [Dummy-1   ]: Connection 'model.dbt_demo.dim_customers' was properly closed.
[0m07:38:02.090260 [debug] [Dummy-1   ]: Connection 'model.dbt_demo.stg_products' was properly closed.
[0m07:38:02.091013 [info ] [Dummy-1   ]: 
[0m07:38:02.091644 [info ] [Dummy-1   ]: Finished running 2 table models, 4 view models in 0 hours 0 minutes and 6.05 seconds (6.05s).
[0m07:38:02.093050 [debug] [Dummy-1   ]: Command end result
[0m07:38:02.120210 [debug] [Dummy-1   ]: Wrote artifact WritableManifest to /tmp/dbt/target/manifest.json
[0m07:38:02.122496 [debug] [Dummy-1   ]: Wrote artifact SemanticManifest to /tmp/dbt/target/semantic_manifest.json
[0m07:38:02.129359 [debug] [Dummy-1   ]: Wrote artifact RunExecutionResult to /tmp/dbt/target/run_results.json
[0m07:38:02.130069 [info ] [Dummy-1   ]: 
[0m07:38:02.130887 [info ] [Dummy-1   ]: [32mCompleted successfully[0m
[0m07:38:02.131551 [info ] [Dummy-1   ]: 
[0m07:38:02.132222 [info ] [Dummy-1   ]: Done. PASS=6 WARN=0 ERROR=0 SKIP=0 TOTAL=6
[0m07:38:02.134567 [debug] [Dummy-1   ]: Resource report: {"command_name": "run", "command_success": true, "command_wall_clock_time": 6.9732823, "process_in_blocks": "0", "process_kernel_time": 0.83, "process_mem_max_rss": "453472", "process_out_blocks": "0", "process_user_time": 4.68}
[0m07:38:02.135262 [debug] [Dummy-1   ]: Command `cli run` succeeded at 07:38:02.134993 after 6.97 seconds
[0m07:38:02.135851 [debug] [Dummy-1   ]: Flushing usage events


============================== 07:40:20.868549 | a59b80bf-82bc-44a3-a368-c61ea527d6f5 ==============================
[0m07:40:20.868549 [info ] [Dummy-1   ]: Running with dbt=1.9.4
[0m07:40:20.869541 [debug] [Dummy-1   ]: running dbt with arguments {'printer_width': '80', 'indirect_selection': 'eager', 'write_json': 'True', 'log_cache_events': 'False', 'partial_parse': 'True', 'cache_selected_only': 'False', 'warn_error': 'None', 'debug': 'False', 'version_check': 'True', 'log_path': '/tmp/dbt/logs', 'fail_fast': 'False', 'profiles_dir': '/tmp/dbt/', 'use_colors': 'True', 'use_experimental_parser': 'False', 'no_print': 'None', 'quiet': 'False', 'empty': 'False', 'log_format': 'default', 'introspect': 'True', 'invocation_command': 'dbt ', 'static_parser': 'True', 'target_path': '/tmp/dbt/target/', 'warn_error_options': 'WarnErrorOptions(include=[], exclude=[])', 'send_anonymous_usage_stats': 'False'}
[0m07:40:21.162429 [info ] [Dummy-1   ]: Registered adapter: snowflake=1.9.2
[0m07:40:21.207735 [debug] [Dummy-1   ]: checksum: 53ed91fada2233efb98368d1716b44ab532c83a9c293cf1890b7905d5b45fb25, vars: {}, profile: , target: dev, version: 1.9.4
[0m07:40:21.480025 [debug] [Dummy-1   ]: Partial parsing enabled: 0 files deleted, 0 files added, 0 files changed.
[0m07:40:21.480628 [debug] [Dummy-1   ]: Partial parsing enabled, no changes found, skipping parsing
[0m07:40:21.635027 [debug] [Dummy-1   ]: Wrote artifact WritableManifest to /tmp/dbt/target/manifest.json
[0m07:40:21.637314 [debug] [Dummy-1   ]: Wrote artifact SemanticManifest to /tmp/dbt/target/semantic_manifest.json
[0m07:40:21.682567 [info ] [Dummy-1   ]: Found 6 models, 20 data tests, 4 sources, 474 macros
[0m07:40:21.685467 [info ] [Dummy-1   ]: 
[0m07:40:21.686190 [info ] [Dummy-1   ]: Concurrency: 4 threads (target='dev')
[0m07:40:21.686817 [info ] [Dummy-1   ]: 
[0m07:40:21.687638 [debug] [Dummy-1   ]: Acquiring new snowflake connection 'master'
[0m07:40:21.693906 [debug] [ThreadPool]: Acquiring new snowflake connection 'list_DBT_DEMO'
[0m07:40:21.695181 [debug] [ThreadPool]: Acquiring new snowflake connection 'list_DBT_DEMO'
[0m07:40:21.791971 [debug] [ThreadPool]: Using snowflake connection "list_DBT_DEMO"
[0m07:40:21.792727 [debug] [ThreadPool]: Using snowflake connection "list_DBT_DEMO"
[0m07:40:21.793315 [debug] [ThreadPool]: On list_DBT_DEMO: /* {"app": "dbt", "dbt_version": "1.9.4", "profile_name": "dbt_demo", "target_name": "dev", "connection_name": "list_DBT_DEMO"} */
show terse schemas in database DBT_DEMO
    limit 10000
[0m07:40:21.793864 [debug] [ThreadPool]: On list_DBT_DEMO: /* {"app": "dbt", "dbt_version": "1.9.4", "profile_name": "dbt_demo", "target_name": "dev", "connection_name": "list_DBT_DEMO"} */
show terse schemas in database DBT_DEMO
    limit 10000
[0m07:40:21.794361 [debug] [ThreadPool]: Opening a new connection, currently in state init
[0m07:40:21.794804 [debug] [ThreadPool]: Opening a new connection, currently in state init
[0m07:40:22.601256 [debug] [ThreadPool]: SQL status: SUCCESS 7 in 0.806 seconds
[0m07:40:22.610235 [debug] [ThreadPool]: SQL status: SUCCESS 7 in 0.816 seconds
[0m07:40:22.612714 [debug] [ThreadPool]: Re-using an available connection from the pool (formerly list_DBT_DEMO, now create_DBT_DEMO_RAW_marts)
[0m07:40:22.613345 [debug] [ThreadPool]: Re-using an available connection from the pool (formerly list_DBT_DEMO, now create_DBT_DEMO_RAW_staging)
[0m07:40:22.614085 [debug] [ThreadPool]: Creating schema "database: "DBT_DEMO"
schema: "RAW_marts"
"
[0m07:40:22.614787 [debug] [ThreadPool]: Creating schema "database: "DBT_DEMO"
schema: "RAW_staging"
"
[0m07:40:22.625517 [debug] [ThreadPool]: Using snowflake connection "create_DBT_DEMO_RAW_marts"
[0m07:40:22.634201 [debug] [ThreadPool]: Using snowflake connection "create_DBT_DEMO_RAW_staging"
[0m07:40:22.634823 [debug] [ThreadPool]: On create_DBT_DEMO_RAW_marts: /* {"app": "dbt", "dbt_version": "1.9.4", "profile_name": "dbt_demo", "target_name": "dev", "connection_name": "create_DBT_DEMO_RAW_marts"} */
create schema if not exists DBT_DEMO.RAW_marts
[0m07:40:22.635354 [debug] [ThreadPool]: On create_DBT_DEMO_RAW_staging: /* {"app": "dbt", "dbt_version": "1.9.4", "profile_name": "dbt_demo", "target_name": "dev", "connection_name": "create_DBT_DEMO_RAW_staging"} */
create schema if not exists DBT_DEMO.RAW_staging
[0m07:40:22.635858 [debug] [ThreadPool]: Opening a new connection, currently in state init
[0m07:40:22.636370 [debug] [ThreadPool]: Opening a new connection, currently in state init
[0m07:40:23.539707 [debug] [ThreadPool]: SQL status: SUCCESS 1 in 0.903 seconds
[0m07:40:23.554159 [debug] [ThreadPool]: SQL status: SUCCESS 1 in 0.918 seconds
[0m07:40:23.557742 [debug] [ThreadPool]: Acquiring new snowflake connection 'list_DBT_DEMO_RAW_marts'
[0m07:40:23.558955 [debug] [ThreadPool]: Re-using an available connection from the pool (formerly create_DBT_DEMO_RAW_staging, now list_DBT_DEMO_RAW_staging)
[0m07:40:23.576324 [debug] [ThreadPool]: Using snowflake connection "list_DBT_DEMO_RAW_marts"
[0m07:40:23.584971 [debug] [ThreadPool]: Using snowflake connection "list_DBT_DEMO_RAW_staging"
[0m07:40:23.585592 [debug] [ThreadPool]: On list_DBT_DEMO_RAW_marts: /* {"app": "dbt", "dbt_version": "1.9.4", "profile_name": "dbt_demo", "target_name": "dev", "connection_name": "list_DBT_DEMO_RAW_marts"} */
alter session set quoted_identifiers_ignore_case = false;
[0m07:40:23.586148 [debug] [ThreadPool]: On list_DBT_DEMO_RAW_staging: /* {"app": "dbt", "dbt_version": "1.9.4", "profile_name": "dbt_demo", "target_name": "dev", "connection_name": "list_DBT_DEMO_RAW_staging"} */
alter session set quoted_identifiers_ignore_case = false;
[0m07:40:23.586642 [debug] [ThreadPool]: Opening a new connection, currently in state init
[0m07:40:23.587136 [debug] [ThreadPool]: Opening a new connection, currently in state init
[0m07:40:24.335448 [debug] [ThreadPool]: SQL status: SUCCESS 1 in 0.749 seconds
[0m07:40:24.336417 [debug] [ThreadPool]: SQL status: SUCCESS 1 in 0.749 seconds
[0m07:40:24.341257 [debug] [ThreadPool]: Using snowflake connection "list_DBT_DEMO_RAW_marts"
[0m07:40:24.343465 [debug] [ThreadPool]: Using snowflake connection "list_DBT_DEMO_RAW_staging"
[0m07:40:24.344091 [debug] [ThreadPool]: On list_DBT_DEMO_RAW_marts: /* {"app": "dbt", "dbt_version": "1.9.4", "profile_name": "dbt_demo", "target_name": "dev", "connection_name": "list_DBT_DEMO_RAW_marts"} */
show objects in DBT_DEMO.RAW_marts
    limit 10000
    
;
[0m07:40:24.344664 [debug] [ThreadPool]: On list_DBT_DEMO_RAW_staging: /* {"app": "dbt", "dbt_version": "1.9.4", "profile_name": "dbt_demo", "target_name": "dev", "connection_name": "list_DBT_DEMO_RAW_staging"} */
show objects in DBT_DEMO.RAW_staging
    limit 10000
    
;
[0m07:40:24.483631 [debug] [ThreadPool]: SQL status: SUCCESS 0 in 0.138 seconds
[0m07:40:24.484634 [debug] [ThreadPool]: SQL status: SUCCESS 0 in 0.139 seconds
[0m07:40:24.486669 [debug] [ThreadPool]: Using snowflake connection "list_DBT_DEMO_RAW_marts"
[0m07:40:24.488545 [debug] [ThreadPool]: Using snowflake connection "list_DBT_DEMO_RAW_staging"
[0m07:40:24.489093 [debug] [ThreadPool]: On list_DBT_DEMO_RAW_marts: /* {"app": "dbt", "dbt_version": "1.9.4", "profile_name": "dbt_demo", "target_name": "dev", "connection_name": "list_DBT_DEMO_RAW_marts"} */
alter session unset quoted_identifiers_ignore_case;
[0m07:40:24.489613 [debug] [ThreadPool]: On list_DBT_DEMO_RAW_staging: /* {"app": "dbt", "dbt_version": "1.9.4", "profile_name": "dbt_demo", "target_name": "dev", "connection_name": "list_DBT_DEMO_RAW_staging"} */
alter session unset quoted_identifiers_ignore_case;
[0m07:40:24.629955 [debug] [ThreadPool]: SQL status: SUCCESS 1 in 0.139 seconds
[0m07:40:24.647524 [debug] [ThreadPool]: SQL status: SUCCESS 1 in 0.157 seconds
[0m07:40:24.655849 [debug] [Thread-2 (]: Began running node model.dbt_demo.stg_customers
[0m07:40:24.656631 [debug] [Thread-3 (]: Began running node model.dbt_demo.stg_order_items
[0m07:40:24.657341 [debug] [Thread-4 (]: Began running node model.dbt_demo.stg_orders
[0m07:40:24.658050 [debug] [Thread-5 (]: Began running node model.dbt_demo.stg_products
[0m07:40:24.659065 [info ] [Thread-2 (]: 1 of 6 START sql view model RAW_staging.stg_customers .......................... [RUN]
[0m07:40:24.659993 [info ] [Thread-3 (]: 2 of 6 START sql view model RAW_staging.stg_order_items ........................ [RUN]
[0m07:40:24.660888 [info ] [Thread-4 (]: 3 of 6 START sql view model RAW_staging.stg_orders ............................. [RUN]
[0m07:40:24.661779 [info ] [Thread-5 (]: 4 of 6 START sql view model RAW_staging.stg_products ........................... [RUN]
[0m07:40:24.662519 [debug] [Thread-2 (]: Re-using an available connection from the pool (formerly list_DBT_DEMO_RAW_marts, now model.dbt_demo.stg_customers)
[0m07:40:24.663115 [debug] [Thread-3 (]: Re-using an available connection from the pool (formerly list_DBT_DEMO_RAW_staging, now model.dbt_demo.stg_order_items)
[0m07:40:24.663714 [debug] [Thread-4 (]: Re-using an available connection from the pool (formerly create_DBT_DEMO_RAW_marts, now model.dbt_demo.stg_orders)
[0m07:40:24.664402 [debug] [Thread-5 (]: Acquiring new snowflake connection 'model.dbt_demo.stg_products'
[0m07:40:24.664949 [debug] [Thread-2 (]: Began compiling node model.dbt_demo.stg_customers
[0m07:40:24.665441 [debug] [Thread-3 (]: Began compiling node model.dbt_demo.stg_order_items
[0m07:40:24.665928 [debug] [Thread-4 (]: Began compiling node model.dbt_demo.stg_orders
[0m07:40:24.666422 [debug] [Thread-5 (]: Began compiling node model.dbt_demo.stg_products
[0m07:40:24.679643 [debug] [Thread-2 (]: Writing injected SQL for node "model.dbt_demo.stg_customers"
[0m07:40:24.689114 [debug] [Thread-3 (]: Writing injected SQL for node "model.dbt_demo.stg_order_items"
[0m07:40:24.697394 [debug] [Thread-4 (]: Writing injected SQL for node "model.dbt_demo.stg_orders"
[0m07:40:24.706713 [debug] [Thread-5 (]: Writing injected SQL for node "model.dbt_demo.stg_products"
[0m07:40:24.707995 [debug] [Thread-2 (]: Began executing node model.dbt_demo.stg_customers
[0m07:40:24.708715 [debug] [Thread-3 (]: Began executing node model.dbt_demo.stg_order_items
[0m07:40:24.709639 [debug] [Thread-4 (]: Began executing node model.dbt_demo.stg_orders
[0m07:40:24.721437 [debug] [Thread-5 (]: Began executing node model.dbt_demo.stg_products
[0m07:40:24.766213 [debug] [Thread-2 (]: Writing runtime sql for node "model.dbt_demo.stg_customers"
[0m07:40:24.778661 [debug] [Thread-3 (]: Writing runtime sql for node "model.dbt_demo.stg_order_items"
[0m07:40:24.786995 [debug] [Thread-4 (]: Writing runtime sql for node "model.dbt_demo.stg_orders"
[0m07:40:24.795933 [debug] [Thread-5 (]: Writing runtime sql for node "model.dbt_demo.stg_products"
[0m07:40:24.797954 [debug] [Thread-2 (]: Using snowflake connection "model.dbt_demo.stg_customers"
[0m07:40:24.799465 [debug] [Thread-3 (]: Using snowflake connection "model.dbt_demo.stg_order_items"
[0m07:40:24.800764 [debug] [Thread-4 (]: Using snowflake connection "model.dbt_demo.stg_orders"
[0m07:40:24.801504 [debug] [Thread-2 (]: On model.dbt_demo.stg_customers: /* {"app": "dbt", "dbt_version": "1.9.4", "profile_name": "dbt_demo", "target_name": "dev", "node_id": "model.dbt_demo.stg_customers"} */
create or replace   view DBT_DEMO.RAW_staging.stg_customers
  
   as (
    with source as (
    select * from DBT_DEMO.RAW.customers
),

renamed as (
    select
        customer_id,
        first_name,
        last_name,
        first_name || ' ' || last_name as full_name,
        email,
        country,
        created_at as customer_created_at
    from source
)

select * from renamed
  );
[0m07:40:24.802570 [debug] [Thread-5 (]: Using snowflake connection "model.dbt_demo.stg_products"
[0m07:40:24.803181 [debug] [Thread-3 (]: On model.dbt_demo.stg_order_items: /* {"app": "dbt", "dbt_version": "1.9.4", "profile_name": "dbt_demo", "target_name": "dev", "node_id": "model.dbt_demo.stg_order_items"} */
create or replace   view DBT_DEMO.RAW_staging.stg_order_items
  
   as (
    with source as (
    select * from DBT_DEMO.RAW.order_items
),

renamed as (
    select
        order_item_id,
        order_id,
        product_id,
        quantity
    from source
)

select * from renamed
  );
[0m07:40:24.803778 [debug] [Thread-4 (]: On model.dbt_demo.stg_orders: /* {"app": "dbt", "dbt_version": "1.9.4", "profile_name": "dbt_demo", "target_name": "dev", "node_id": "model.dbt_demo.stg_orders"} */
create or replace   view DBT_DEMO.RAW_staging.stg_orders
  
   as (
    with source as (
    select * from DBT_DEMO.RAW.orders
),

renamed as (
    select
        order_id,
        customer_id,
        order_date,
        status as order_status
    from source
)

select * from renamed
  );
[0m07:40:24.804356 [debug] [Thread-2 (]: Opening a new connection, currently in state init
[0m07:40:24.804907 [debug] [Thread-5 (]: On model.dbt_demo.stg_products: /* {"app": "dbt", "dbt_version": "1.9.4", "profile_name": "dbt_demo", "target_name": "dev", "node_id": "model.dbt_demo.stg_products"} */
create or replace   view DBT_DEMO.RAW_staging.stg_products
  
   as (
    with source as (
    select * from DBT_DEMO.RAW.products
),

renamed as (
    select
        product_id,
        product_name,
        category,
        price as unit_price
    from source
)

select * from renamed
  );
[0m07:40:24.805483 [debug] [Thread-3 (]: Opening a new connection, currently in state init
[0m07:40:24.806034 [debug] [Thread-4 (]: Opening a new connection, currently in state init
[0m07:40:24.806832 [debug] [Thread-5 (]: Opening a new connection, currently in state init
[0m07:40:25.910101 [debug] [Thread-5 (]: SQL status: SUCCESS 1 in 1.103 seconds
[0m07:40:25.935839 [info ] [Thread-5 (]: 4 of 6 OK created sql view model RAW_staging.stg_products ...................... [[32mSUCCESS 1[0m in 1.27s]
[0m07:40:25.936738 [debug] [Thread-5 (]: Finished running node model.dbt_demo.stg_products
[0m07:40:25.963584 [debug] [Thread-4 (]: SQL status: SUCCESS 1 in 1.157 seconds
[0m07:40:25.966770 [info ] [Thread-4 (]: 3 of 6 OK created sql view model RAW_staging.stg_orders ........................ [[32mSUCCESS 1[0m in 1.30s]
[0m07:40:25.967697 [debug] [Thread-4 (]: Finished running node model.dbt_demo.stg_orders
[0m07:40:25.968694 [debug] [Thread-3 (]: SQL status: SUCCESS 1 in 1.163 seconds
[0m07:40:25.972282 [info ] [Thread-3 (]: 2 of 6 OK created sql view model RAW_staging.stg_order_items ................... [[32mSUCCESS 1[0m in 1.31s]
[0m07:40:25.973133 [debug] [Thread-3 (]: Finished running node model.dbt_demo.stg_order_items
[0m07:40:25.974454 [debug] [Thread-5 (]: Began running node model.dbt_demo.fct_order_lines
[0m07:40:25.975434 [info ] [Thread-5 (]: 5 of 6 START sql table model RAW_marts.fct_order_lines ......................... [RUN]
[0m07:40:25.976200 [debug] [Thread-5 (]: Re-using an available connection from the pool (formerly model.dbt_demo.stg_products, now model.dbt_demo.fct_order_lines)
[0m07:40:25.976717 [debug] [Thread-5 (]: Began compiling node model.dbt_demo.fct_order_lines
[0m07:40:25.985598 [debug] [Thread-5 (]: Writing injected SQL for node "model.dbt_demo.fct_order_lines"
[0m07:40:25.986442 [debug] [Thread-5 (]: Began executing node model.dbt_demo.fct_order_lines
[0m07:40:26.071057 [debug] [Thread-2 (]: SQL status: SUCCESS 1 in 1.267 seconds
[0m07:40:26.101795 [info ] [Thread-2 (]: 1 of 6 OK created sql view model RAW_staging.stg_customers ..................... [[32mSUCCESS 1[0m in 1.44s]
[0m07:40:26.106166 [debug] [Thread-5 (]: Writing runtime sql for node "model.dbt_demo.fct_order_lines"
[0m07:40:26.107004 [debug] [Thread-2 (]: Finished running node model.dbt_demo.stg_customers
[0m07:40:26.109291 [debug] [Thread-5 (]: Using snowflake connection "model.dbt_demo.fct_order_lines"
[0m07:40:26.110317 [debug] [Thread-3 (]: Began running node model.dbt_demo.dim_customers
[0m07:40:26.110953 [debug] [Thread-5 (]: On model.dbt_demo.fct_order_lines: /* {"app": "dbt", "dbt_version": "1.9.4", "profile_name": "dbt_demo", "target_name": "dev", "node_id": "model.dbt_demo.fct_order_lines"} */
create or replace transient table DBT_DEMO.RAW_marts.fct_order_lines
         as
        (with orders as (
    select * from DBT_DEMO.RAW_staging.stg_orders
),

order_items as (
    select * from DBT_DEMO.RAW_staging.stg_order_items
),

products as (
    select * from DBT_DEMO.RAW_staging.stg_products
),

final as (
    select
        oi.order_item_id,
        o.order_id,
        o.customer_id,
        o.order_date,
        o.order_status,
        oi.product_id,
        p.product_name,
        p.category,
        oi.quantity,
        p.unit_price,
        oi.quantity * p.unit_price as line_total
    from orders o
    join order_items oi on o.order_id = oi.order_id
    join products p on oi.product_id = p.product_id
)

select * from final
        );
[0m07:40:26.111868 [info ] [Thread-3 (]: 6 of 6 START sql table model RAW_marts.dim_customers ........................... [RUN]
[0m07:40:26.112504 [debug] [Thread-5 (]: Opening a new connection, currently in state init
[0m07:40:26.113180 [debug] [Thread-3 (]: Re-using an available connection from the pool (formerly model.dbt_demo.stg_order_items, now model.dbt_demo.dim_customers)
[0m07:40:26.113880 [debug] [Thread-3 (]: Began compiling node model.dbt_demo.dim_customers
[0m07:40:26.122898 [debug] [Thread-3 (]: Writing injected SQL for node "model.dbt_demo.dim_customers"
[0m07:40:26.123730 [debug] [Thread-3 (]: Began executing node model.dbt_demo.dim_customers
[0m07:40:26.132769 [debug] [Thread-3 (]: Writing runtime sql for node "model.dbt_demo.dim_customers"
[0m07:40:26.134989 [debug] [Thread-3 (]: Using snowflake connection "model.dbt_demo.dim_customers"
[0m07:40:26.135633 [debug] [Thread-3 (]: On model.dbt_demo.dim_customers: /* {"app": "dbt", "dbt_version": "1.9.4", "profile_name": "dbt_demo", "target_name": "dev", "node_id": "model.dbt_demo.dim_customers"} */
create or replace transient table DBT_DEMO.RAW_marts.dim_customers
         as
        (with customers as (
    select * from DBT_DEMO.RAW_staging.stg_customers
),

orders as (
    select * from DBT_DEMO.RAW_staging.stg_orders
),

order_items as (
    select * from DBT_DEMO.RAW_staging.stg_order_items
),

products as (
    select * from DBT_DEMO.RAW_staging.stg_products
),

order_totals as (
    select
        o.order_id,
        o.customer_id,
        o.order_date,
        o.order_status,
        sum(oi.quantity * p.unit_price) as order_total
    from orders o
    join order_items oi on o.order_id = oi.order_id
    join products p on oi.product_id = p.product_id
    group by 1, 2, 3, 4
),

customer_metrics as (
    select
        c.customer_id,
        c.full_name,
        c.email,
        c.country,
        c.customer_created_at,
        count(distinct ot.order_id) as total_orders,
        coalesce(sum(ot.order_total), 0) as lifetime_value,
        min(ot.order_date) as first_order_date,
        max(ot.order_date) as last_order_date
    from customers c
    left join order_totals ot on c.customer_id = ot.customer_id
    group by 1, 2, 3, 4, 5
)

select * from customer_metrics
        );
[0m07:40:26.136230 [debug] [Thread-3 (]: Opening a new connection, currently in state init
[0m07:40:28.630948 [debug] [Thread-5 (]: SQL status: SUCCESS 1 in 2.518 seconds
[0m07:40:28.634089 [info ] [Thread-5 (]: 5 of 6 OK created sql table model RAW_marts.fct_order_lines .................... [[32mSUCCESS 1[0m in 2.66s]
[0m07:40:28.634964 [debug] [Thread-5 (]: Finished running node model.dbt_demo.fct_order_lines
[0m07:40:28.737052 [debug] [Thread-3 (]: SQL status: SUCCESS 1 in 2.601 seconds
[0m07:40:28.740148 [info ] [Thread-3 (]: 6 of 6 OK created sql table model RAW_marts.dim_customers ...................... [[32mSUCCESS 1[0m in 2.63s]
[0m07:40:28.740909 [debug] [Thread-3 (]: Finished running node model.dbt_demo.dim_customers
[0m07:40:28.744110 [debug] [Dummy-1   ]: Connection 'master' was properly closed.
[0m07:40:28.744906 [debug] [Dummy-1   ]: Connection 'model.dbt_demo.dim_customers' was properly closed.
[0m07:40:28.745423 [debug] [Dummy-1   ]: Connection 'model.dbt_demo.stg_orders' was properly closed.
[0m07:40:28.745857 [debug] [Dummy-1   ]: Connection 'model.dbt_demo.stg_customers' was properly closed.
[0m07:40:28.746292 [debug] [Dummy-1   ]: Connection 'model.dbt_demo.fct_order_lines' was properly closed.
[0m07:40:28.747033 [info ] [Dummy-1   ]: 
[0m07:40:28.747737 [info ] [Dummy-1   ]: Finished running 2 table models, 4 view models in 0 hours 0 minutes and 7.06 seconds (7.06s).
[0m07:40:28.749330 [debug] [Dummy-1   ]: Command end result
[0m07:40:28.775751 [debug] [Dummy-1   ]: Wrote artifact WritableManifest to /tmp/dbt/target/manifest.json
[0m07:40:28.777879 [debug] [Dummy-1   ]: Wrote artifact SemanticManifest to /tmp/dbt/target/semantic_manifest.json
[0m07:40:28.784583 [debug] [Dummy-1   ]: Wrote artifact RunExecutionResult to /tmp/dbt/target/run_results.json
[0m07:40:28.785242 [info ] [Dummy-1   ]: 
[0m07:40:28.785993 [info ] [Dummy-1   ]: [32mCompleted successfully[0m
[0m07:40:28.786578 [info ] [Dummy-1   ]: 
[0m07:40:28.787192 [info ] [Dummy-1   ]: Done. PASS=6 WARN=0 ERROR=0 SKIP=0 TOTAL=6
[0m07:40:28.789328 [debug] [Dummy-1   ]: Resource report: {"command_name": "run", "command_success": true, "command_wall_clock_time": 7.996758, "process_in_blocks": "0", "process_kernel_time": 0.91, "process_mem_max_rss": "446372", "process_out_blocks": "0", "process_user_time": 4.75}
[0m07:40:28.789985 [debug] [Dummy-1   ]: Command `cli run` succeeded at 07:40:28.789728 after 8.00 seconds
[0m07:40:28.790535 [debug] [Dummy-1   ]: Flushing usage events


============================== 07:44:41.298340 | aceb062d-dcc3-4499-afc8-96e7e5f3086e ==============================
[0m07:44:41.298340 [info ] [Dummy-1   ]: Running with dbt=1.9.4
[0m07:44:41.299272 [debug] [Dummy-1   ]: running dbt with arguments {'printer_width': '80', 'indirect_selection': 'eager', 'write_json': 'True', 'log_cache_events': 'False', 'partial_parse': 'True', 'cache_selected_only': 'False', 'profiles_dir': '/tmp/dbt/', 'debug': 'False', 'version_check': 'True', 'log_path': '/tmp/dbt/logs', 'fail_fast': 'False', 'warn_error': 'None', 'use_colors': 'True', 'use_experimental_parser': 'False', 'no_print': 'None', 'quiet': 'False', 'empty': 'False', 'log_format': 'default', 'introspect': 'True', 'static_parser': 'True', 'invocation_command': 'dbt ', 'target_path': '/tmp/dbt/target/', 'warn_error_options': 'WarnErrorOptions(include=[], exclude=[])', 'send_anonymous_usage_stats': 'False'}
[0m07:44:41.585679 [info ] [Dummy-1   ]: Registered adapter: snowflake=1.9.2
[0m07:44:41.627954 [debug] [Dummy-1   ]: checksum: 53ed91fada2233efb98368d1716b44ab532c83a9c293cf1890b7905d5b45fb25, vars: {}, profile: , target: dev, version: 1.9.4
[0m07:44:41.895536 [debug] [Dummy-1   ]: Partial parsing enabled: 0 files deleted, 0 files added, 0 files changed.
[0m07:44:41.896159 [debug] [Dummy-1   ]: Partial parsing enabled, no changes found, skipping parsing
[0m07:44:42.046972 [debug] [Dummy-1   ]: Wrote artifact WritableManifest to /tmp/dbt/target/manifest.json
[0m07:44:42.049286 [debug] [Dummy-1   ]: Wrote artifact SemanticManifest to /tmp/dbt/target/semantic_manifest.json
[0m07:44:42.092403 [info ] [Dummy-1   ]: Found 6 models, 20 data tests, 4 sources, 474 macros
[0m07:44:42.095126 [info ] [Dummy-1   ]: 
[0m07:44:42.095775 [info ] [Dummy-1   ]: Concurrency: 4 threads (target='dev')
[0m07:44:42.096316 [info ] [Dummy-1   ]: 
[0m07:44:42.097067 [debug] [Dummy-1   ]: Acquiring new snowflake connection 'master'
[0m07:44:42.103115 [debug] [ThreadPool]: Acquiring new snowflake connection 'list_DBT_DEMO'
[0m07:44:42.104345 [debug] [ThreadPool]: Acquiring new snowflake connection 'list_DBT_DEMO'
[0m07:44:42.199397 [debug] [ThreadPool]: Using snowflake connection "list_DBT_DEMO"
[0m07:44:42.200124 [debug] [ThreadPool]: Using snowflake connection "list_DBT_DEMO"
[0m07:44:42.200833 [debug] [ThreadPool]: On list_DBT_DEMO: /* {"app": "dbt", "dbt_version": "1.9.4", "profile_name": "dbt_demo", "target_name": "dev", "connection_name": "list_DBT_DEMO"} */
show terse schemas in database DBT_DEMO
    limit 10000
[0m07:44:42.201533 [debug] [ThreadPool]: On list_DBT_DEMO: /* {"app": "dbt", "dbt_version": "1.9.4", "profile_name": "dbt_demo", "target_name": "dev", "connection_name": "list_DBT_DEMO"} */
show terse schemas in database DBT_DEMO
    limit 10000
[0m07:44:42.202033 [debug] [ThreadPool]: Opening a new connection, currently in state init
[0m07:44:42.202502 [debug] [ThreadPool]: Opening a new connection, currently in state init
[0m07:44:42.878191 [debug] [ThreadPool]: SQL status: SUCCESS 5 in 0.675 seconds
[0m07:44:42.985902 [debug] [ThreadPool]: SQL status: SUCCESS 5 in 0.784 seconds
[0m07:44:42.988371 [debug] [ThreadPool]: Re-using an available connection from the pool (formerly list_DBT_DEMO, now create_DBT_DEMO_RAW_marts)
[0m07:44:42.989003 [debug] [ThreadPool]: Re-using an available connection from the pool (formerly list_DBT_DEMO, now create_DBT_DEMO_RAW_staging)
[0m07:44:42.989731 [debug] [ThreadPool]: Creating schema "database: "DBT_DEMO"
schema: "RAW_marts"
"
[0m07:44:42.990386 [debug] [ThreadPool]: Creating schema "database: "DBT_DEMO"
schema: "RAW_staging"
"
[0m07:44:43.000860 [debug] [ThreadPool]: Using snowflake connection "create_DBT_DEMO_RAW_marts"
[0m07:44:43.009400 [debug] [ThreadPool]: Using snowflake connection "create_DBT_DEMO_RAW_staging"
[0m07:44:43.009975 [debug] [ThreadPool]: On create_DBT_DEMO_RAW_marts: /* {"app": "dbt", "dbt_version": "1.9.4", "profile_name": "dbt_demo", "target_name": "dev", "connection_name": "create_DBT_DEMO_RAW_marts"} */
create schema if not exists DBT_DEMO.RAW_marts
[0m07:44:43.010460 [debug] [ThreadPool]: On create_DBT_DEMO_RAW_staging: /* {"app": "dbt", "dbt_version": "1.9.4", "profile_name": "dbt_demo", "target_name": "dev", "connection_name": "create_DBT_DEMO_RAW_staging"} */
create schema if not exists DBT_DEMO.RAW_staging
[0m07:44:43.010903 [debug] [ThreadPool]: Opening a new connection, currently in state init
[0m07:44:43.011352 [debug] [ThreadPool]: Opening a new connection, currently in state init
[0m07:44:43.808264 [debug] [ThreadPool]: SQL status: SUCCESS 1 in 0.797 seconds
[0m07:44:43.835126 [debug] [ThreadPool]: SQL status: SUCCESS 1 in 0.824 seconds
[0m07:44:43.838635 [debug] [ThreadPool]: Acquiring new snowflake connection 'list_DBT_DEMO_RAW_marts'
[0m07:44:43.839662 [debug] [ThreadPool]: Re-using an available connection from the pool (formerly create_DBT_DEMO_RAW_staging, now list_DBT_DEMO_RAW_staging)
[0m07:44:43.856583 [debug] [ThreadPool]: Using snowflake connection "list_DBT_DEMO_RAW_marts"
[0m07:44:43.865007 [debug] [ThreadPool]: Using snowflake connection "list_DBT_DEMO_RAW_staging"
[0m07:44:43.865589 [debug] [ThreadPool]: On list_DBT_DEMO_RAW_marts: /* {"app": "dbt", "dbt_version": "1.9.4", "profile_name": "dbt_demo", "target_name": "dev", "connection_name": "list_DBT_DEMO_RAW_marts"} */
alter session set quoted_identifiers_ignore_case = false;
[0m07:44:43.866083 [debug] [ThreadPool]: On list_DBT_DEMO_RAW_staging: /* {"app": "dbt", "dbt_version": "1.9.4", "profile_name": "dbt_demo", "target_name": "dev", "connection_name": "list_DBT_DEMO_RAW_staging"} */
alter session set quoted_identifiers_ignore_case = false;
[0m07:44:43.866520 [debug] [ThreadPool]: Opening a new connection, currently in state init
[0m07:44:43.866943 [debug] [ThreadPool]: Opening a new connection, currently in state init
[0m07:44:44.754371 [debug] [ThreadPool]: SQL status: SUCCESS 1 in 0.887 seconds
[0m07:44:44.759017 [debug] [ThreadPool]: Using snowflake connection "list_DBT_DEMO_RAW_staging"
[0m07:44:44.759552 [debug] [ThreadPool]: On list_DBT_DEMO_RAW_staging: /* {"app": "dbt", "dbt_version": "1.9.4", "profile_name": "dbt_demo", "target_name": "dev", "connection_name": "list_DBT_DEMO_RAW_staging"} */
show objects in DBT_DEMO.RAW_staging
    limit 10000
    
;
[0m07:44:44.761571 [debug] [ThreadPool]: SQL status: SUCCESS 1 in 0.895 seconds
[0m07:44:44.763411 [debug] [ThreadPool]: Using snowflake connection "list_DBT_DEMO_RAW_marts"
[0m07:44:44.763908 [debug] [ThreadPool]: On list_DBT_DEMO_RAW_marts: /* {"app": "dbt", "dbt_version": "1.9.4", "profile_name": "dbt_demo", "target_name": "dev", "connection_name": "list_DBT_DEMO_RAW_marts"} */
show objects in DBT_DEMO.RAW_marts
    limit 10000
    
;
[0m07:44:44.873482 [debug] [ThreadPool]: SQL status: SUCCESS 0 in 0.109 seconds
[0m07:44:44.875456 [debug] [ThreadPool]: Using snowflake connection "list_DBT_DEMO_RAW_marts"
[0m07:44:44.875980 [debug] [ThreadPool]: On list_DBT_DEMO_RAW_marts: /* {"app": "dbt", "dbt_version": "1.9.4", "profile_name": "dbt_demo", "target_name": "dev", "connection_name": "list_DBT_DEMO_RAW_marts"} */
alter session unset quoted_identifiers_ignore_case;
[0m07:44:44.888086 [debug] [ThreadPool]: SQL status: SUCCESS 0 in 0.128 seconds
[0m07:44:44.889964 [debug] [ThreadPool]: Using snowflake connection "list_DBT_DEMO_RAW_staging"
[0m07:44:44.890501 [debug] [ThreadPool]: On list_DBT_DEMO_RAW_staging: /* {"app": "dbt", "dbt_version": "1.9.4", "profile_name": "dbt_demo", "target_name": "dev", "connection_name": "list_DBT_DEMO_RAW_staging"} */
alter session unset quoted_identifiers_ignore_case;
[0m07:44:45.011531 [debug] [ThreadPool]: SQL status: SUCCESS 1 in 0.135 seconds
[0m07:44:45.023057 [debug] [ThreadPool]: SQL status: SUCCESS 1 in 0.132 seconds
[0m07:44:45.030613 [debug] [Thread-2 (]: Began running node model.dbt_demo.stg_customers
[0m07:44:45.031338 [debug] [Thread-3 (]: Began running node model.dbt_demo.stg_order_items
[0m07:44:45.032149 [debug] [Thread-4 (]: Began running node model.dbt_demo.stg_orders
[0m07:44:45.032901 [debug] [Thread-5 (]: Began running node model.dbt_demo.stg_products
[0m07:44:45.033745 [info ] [Thread-2 (]: 1 of 6 START sql view model RAW_staging.stg_customers .......................... [RUN]
[0m07:44:45.034613 [info ] [Thread-3 (]: 2 of 6 START sql view model RAW_staging.stg_order_items ........................ [RUN]
[0m07:44:45.035465 [info ] [Thread-4 (]: 3 of 6 START sql view model RAW_staging.stg_orders ............................. [RUN]
[0m07:44:45.036338 [info ] [Thread-5 (]: 4 of 6 START sql view model RAW_staging.stg_products ........................... [RUN]
[0m07:44:45.037030 [debug] [Thread-2 (]: Re-using an available connection from the pool (formerly list_DBT_DEMO_RAW_staging, now model.dbt_demo.stg_customers)
[0m07:44:45.037637 [debug] [Thread-3 (]: Re-using an available connection from the pool (formerly list_DBT_DEMO_RAW_marts, now model.dbt_demo.stg_order_items)
[0m07:44:45.038237 [debug] [Thread-4 (]: Re-using an available connection from the pool (formerly create_DBT_DEMO_RAW_marts, now model.dbt_demo.stg_orders)
[0m07:44:45.038913 [debug] [Thread-5 (]: Acquiring new snowflake connection 'model.dbt_demo.stg_products'
[0m07:44:45.039464 [debug] [Thread-2 (]: Began compiling node model.dbt_demo.stg_customers
[0m07:44:45.039994 [debug] [Thread-3 (]: Began compiling node model.dbt_demo.stg_order_items
[0m07:44:45.040473 [debug] [Thread-4 (]: Began compiling node model.dbt_demo.stg_orders
[0m07:44:45.040952 [debug] [Thread-5 (]: Began compiling node model.dbt_demo.stg_products
[0m07:44:45.053899 [debug] [Thread-2 (]: Writing injected SQL for node "model.dbt_demo.stg_customers"
[0m07:44:45.063223 [debug] [Thread-3 (]: Writing injected SQL for node "model.dbt_demo.stg_order_items"
[0m07:44:45.071441 [debug] [Thread-4 (]: Writing injected SQL for node "model.dbt_demo.stg_orders"
[0m07:44:45.080463 [debug] [Thread-5 (]: Writing injected SQL for node "model.dbt_demo.stg_products"
[0m07:44:45.081701 [debug] [Thread-2 (]: Began executing node model.dbt_demo.stg_customers
[0m07:44:45.082408 [debug] [Thread-3 (]: Began executing node model.dbt_demo.stg_order_items
[0m07:44:45.083303 [debug] [Thread-4 (]: Began executing node model.dbt_demo.stg_orders
[0m07:44:45.100230 [debug] [Thread-5 (]: Began executing node model.dbt_demo.stg_products
[0m07:44:45.139766 [debug] [Thread-2 (]: Writing runtime sql for node "model.dbt_demo.stg_customers"
[0m07:44:45.151722 [debug] [Thread-3 (]: Writing runtime sql for node "model.dbt_demo.stg_order_items"
[0m07:44:45.159940 [debug] [Thread-4 (]: Writing runtime sql for node "model.dbt_demo.stg_orders"
[0m07:44:45.167975 [debug] [Thread-5 (]: Writing runtime sql for node "model.dbt_demo.stg_products"
[0m07:44:45.169740 [debug] [Thread-2 (]: Using snowflake connection "model.dbt_demo.stg_customers"
[0m07:44:45.170937 [debug] [Thread-3 (]: Using snowflake connection "model.dbt_demo.stg_order_items"
[0m07:44:45.172134 [debug] [Thread-4 (]: Using snowflake connection "model.dbt_demo.stg_orders"
[0m07:44:45.172817 [debug] [Thread-2 (]: On model.dbt_demo.stg_customers: /* {"app": "dbt", "dbt_version": "1.9.4", "profile_name": "dbt_demo", "target_name": "dev", "node_id": "model.dbt_demo.stg_customers"} */
create or replace   view DBT_DEMO.RAW_staging.stg_customers
  
   as (
    with source as (
    select * from DBT_DEMO.RAW.customers
),

renamed as (
    select
        customer_id,
        first_name,
        last_name,
        first_name || ' ' || last_name as full_name,
        email,
        country,
        created_at as customer_created_at
    from source
)

select * from renamed
  );
[0m07:44:45.173822 [debug] [Thread-5 (]: Using snowflake connection "model.dbt_demo.stg_products"
[0m07:44:45.174413 [debug] [Thread-3 (]: On model.dbt_demo.stg_order_items: /* {"app": "dbt", "dbt_version": "1.9.4", "profile_name": "dbt_demo", "target_name": "dev", "node_id": "model.dbt_demo.stg_order_items"} */
create or replace   view DBT_DEMO.RAW_staging.stg_order_items
  
   as (
    with source as (
    select * from DBT_DEMO.RAW.order_items
),

renamed as (
    select
        order_item_id,
        order_id,
        product_id,
        quantity
    from source
)

select * from renamed
  );
[0m07:44:45.174955 [debug] [Thread-4 (]: On model.dbt_demo.stg_orders: /* {"app": "dbt", "dbt_version": "1.9.4", "profile_name": "dbt_demo", "target_name": "dev", "node_id": "model.dbt_demo.stg_orders"} */
create or replace   view DBT_DEMO.RAW_staging.stg_orders
  
   as (
    with source as (
    select * from DBT_DEMO.RAW.orders
),

renamed as (
    select
        order_id,
        customer_id,
        order_date,
        status as order_status
    from source
)

select * from renamed
  );
[0m07:44:45.175478 [debug] [Thread-2 (]: Opening a new connection, currently in state init
[0m07:44:45.176044 [debug] [Thread-5 (]: On model.dbt_demo.stg_products: /* {"app": "dbt", "dbt_version": "1.9.4", "profile_name": "dbt_demo", "target_name": "dev", "node_id": "model.dbt_demo.stg_products"} */
create or replace   view DBT_DEMO.RAW_staging.stg_products
  
   as (
    with source as (
    select * from DBT_DEMO.RAW.products
),

renamed as (
    select
        product_id,
        product_name,
        category,
        price as unit_price
    from source
)

select * from renamed
  );
[0m07:44:45.176594 [debug] [Thread-3 (]: Opening a new connection, currently in state init
[0m07:44:45.177086 [debug] [Thread-4 (]: Opening a new connection, currently in state init
[0m07:44:45.177671 [debug] [Thread-5 (]: Opening a new connection, currently in state init
[0m07:44:46.149621 [debug] [Thread-2 (]: SQL status: SUCCESS 1 in 0.974 seconds
[0m07:44:46.173613 [debug] [Thread-5 (]: SQL status: SUCCESS 1 in 0.996 seconds
[0m07:44:46.178214 [info ] [Thread-2 (]: 1 of 6 OK created sql view model RAW_staging.stg_customers ..................... [[32mSUCCESS 1[0m in 1.14s]
[0m07:44:46.179132 [info ] [Thread-5 (]: 4 of 6 OK created sql view model RAW_staging.stg_products ...................... [[32mSUCCESS 1[0m in 1.14s]
[0m07:44:46.179979 [debug] [Thread-2 (]: Finished running node model.dbt_demo.stg_customers
[0m07:44:46.180681 [debug] [Thread-5 (]: Finished running node model.dbt_demo.stg_products
[0m07:44:46.246878 [debug] [Thread-4 (]: SQL status: SUCCESS 1 in 1.070 seconds
[0m07:44:46.250018 [info ] [Thread-4 (]: 3 of 6 OK created sql view model RAW_staging.stg_orders ........................ [[32mSUCCESS 1[0m in 1.21s]
[0m07:44:46.250802 [debug] [Thread-4 (]: Finished running node model.dbt_demo.stg_orders
[0m07:44:46.337494 [debug] [Thread-3 (]: SQL status: SUCCESS 1 in 1.161 seconds
[0m07:44:46.340653 [info ] [Thread-3 (]: 2 of 6 OK created sql view model RAW_staging.stg_order_items ................... [[32mSUCCESS 1[0m in 1.30s]
[0m07:44:46.341456 [debug] [Thread-3 (]: Finished running node model.dbt_demo.stg_order_items
[0m07:44:46.343000 [debug] [Thread-2 (]: Began running node model.dbt_demo.dim_customers
[0m07:44:46.343597 [debug] [Thread-5 (]: Began running node model.dbt_demo.fct_order_lines
[0m07:44:46.344571 [info ] [Thread-2 (]: 5 of 6 START sql table model RAW_marts.dim_customers ........................... [RUN]
[0m07:44:46.345389 [info ] [Thread-5 (]: 6 of 6 START sql table model RAW_marts.fct_order_lines ......................... [RUN]
[0m07:44:46.346065 [debug] [Thread-2 (]: Re-using an available connection from the pool (formerly model.dbt_demo.stg_customers, now model.dbt_demo.dim_customers)
[0m07:44:46.346619 [debug] [Thread-5 (]: Re-using an available connection from the pool (formerly model.dbt_demo.stg_products, now model.dbt_demo.fct_order_lines)
[0m07:44:46.347107 [debug] [Thread-2 (]: Began compiling node model.dbt_demo.dim_customers
[0m07:44:46.347588 [debug] [Thread-5 (]: Began compiling node model.dbt_demo.fct_order_lines
[0m07:44:46.356797 [debug] [Thread-2 (]: Writing injected SQL for node "model.dbt_demo.dim_customers"
[0m07:44:46.366333 [debug] [Thread-5 (]: Writing injected SQL for node "model.dbt_demo.fct_order_lines"
[0m07:44:46.367224 [debug] [Thread-2 (]: Began executing node model.dbt_demo.dim_customers
[0m07:44:46.367932 [debug] [Thread-5 (]: Began executing node model.dbt_demo.fct_order_lines
[0m07:44:46.488540 [debug] [Thread-2 (]: Writing runtime sql for node "model.dbt_demo.dim_customers"
[0m07:44:46.499564 [debug] [Thread-5 (]: Writing runtime sql for node "model.dbt_demo.fct_order_lines"
[0m07:44:46.502144 [debug] [Thread-2 (]: Using snowflake connection "model.dbt_demo.dim_customers"
[0m07:44:46.503659 [debug] [Thread-5 (]: Using snowflake connection "model.dbt_demo.fct_order_lines"
[0m07:44:46.504271 [debug] [Thread-2 (]: On model.dbt_demo.dim_customers: /* {"app": "dbt", "dbt_version": "1.9.4", "profile_name": "dbt_demo", "target_name": "dev", "node_id": "model.dbt_demo.dim_customers"} */
create or replace transient table DBT_DEMO.RAW_marts.dim_customers
         as
        (with customers as (
    select * from DBT_DEMO.RAW_staging.stg_customers
),

orders as (
    select * from DBT_DEMO.RAW_staging.stg_orders
),

order_items as (
    select * from DBT_DEMO.RAW_staging.stg_order_items
),

products as (
    select * from DBT_DEMO.RAW_staging.stg_products
),

order_totals as (
    select
        o.order_id,
        o.customer_id,
        o.order_date,
        o.order_status,
        sum(oi.quantity * p.unit_price) as order_total
    from orders o
    join order_items oi on o.order_id = oi.order_id
    join products p on oi.product_id = p.product_id
    group by 1, 2, 3, 4
),

customer_metrics as (
    select
        c.customer_id,
        c.full_name,
        c.email,
        c.country,
        c.customer_created_at,
        count(distinct ot.order_id) as total_orders,
        coalesce(sum(ot.order_total), 0) as lifetime_value,
        min(ot.order_date) as first_order_date,
        max(ot.order_date) as last_order_date
    from customers c
    left join order_totals ot on c.customer_id = ot.customer_id
    group by 1, 2, 3, 4, 5
)

select * from customer_metrics
        );
[0m07:44:46.504915 [debug] [Thread-5 (]: On model.dbt_demo.fct_order_lines: /* {"app": "dbt", "dbt_version": "1.9.4", "profile_name": "dbt_demo", "target_name": "dev", "node_id": "model.dbt_demo.fct_order_lines"} */
create or replace transient table DBT_DEMO.RAW_marts.fct_order_lines
         as
        (with orders as (
    select * from DBT_DEMO.RAW_staging.stg_orders
),

order_items as (
    select * from DBT_DEMO.RAW_staging.stg_order_items
),

products as (
    select * from DBT_DEMO.RAW_staging.stg_products
),

final as (
    select
        oi.order_item_id,
        o.order_id,
        o.customer_id,
        o.order_date,
        o.order_status,
        oi.product_id,
        p.product_name,
        p.category,
        oi.quantity,
        p.unit_price,
        oi.quantity * p.unit_price as line_total
    from orders o
    join order_items oi on o.order_id = oi.order_id
    join products p on oi.product_id = p.product_id
)

select * from final
        );
[0m07:44:46.505506 [debug] [Thread-2 (]: Opening a new connection, currently in state init
[0m07:44:46.506026 [debug] [Thread-5 (]: Opening a new connection, currently in state init
[0m07:44:48.379012 [debug] [Thread-5 (]: SQL status: SUCCESS 1 in 1.873 seconds
[0m07:44:48.382076 [info ] [Thread-5 (]: 6 of 6 OK created sql table model RAW_marts.fct_order_lines .................... [[32mSUCCESS 1[0m in 2.03s]
[0m07:44:48.382885 [debug] [Thread-5 (]: Finished running node model.dbt_demo.fct_order_lines
[0m07:44:48.465881 [debug] [Thread-2 (]: SQL status: SUCCESS 1 in 1.960 seconds
[0m07:44:48.468959 [info ] [Thread-2 (]: 5 of 6 OK created sql table model RAW_marts.dim_customers ...................... [[32mSUCCESS 1[0m in 2.12s]
[0m07:44:48.469755 [debug] [Thread-2 (]: Finished running node model.dbt_demo.dim_customers
[0m07:44:48.473787 [debug] [Dummy-1   ]: Connection 'master' was properly closed.
[0m07:44:48.474299 [debug] [Dummy-1   ]: Connection 'model.dbt_demo.dim_customers' was properly closed.
[0m07:44:48.474699 [debug] [Dummy-1   ]: Connection 'model.dbt_demo.stg_orders' was properly closed.
[0m07:44:48.475075 [debug] [Dummy-1   ]: Connection 'model.dbt_demo.stg_order_items' was properly closed.
[0m07:44:48.475440 [debug] [Dummy-1   ]: Connection 'model.dbt_demo.fct_order_lines' was properly closed.
[0m07:44:48.476112 [info ] [Dummy-1   ]: 
[0m07:44:48.476727 [info ] [Dummy-1   ]: Finished running 2 table models, 4 view models in 0 hours 0 minutes and 6.38 seconds (6.38s).
[0m07:44:48.478128 [debug] [Dummy-1   ]: Command end result
[0m07:44:48.503786 [debug] [Dummy-1   ]: Wrote artifact WritableManifest to /tmp/dbt/target/manifest.json
[0m07:44:48.505835 [debug] [Dummy-1   ]: Wrote artifact SemanticManifest to /tmp/dbt/target/semantic_manifest.json
[0m07:44:48.512344 [debug] [Dummy-1   ]: Wrote artifact RunExecutionResult to /tmp/dbt/target/run_results.json
[0m07:44:48.512987 [info ] [Dummy-1   ]: 
[0m07:44:48.513728 [info ] [Dummy-1   ]: [32mCompleted successfully[0m
[0m07:44:48.514318 [info ] [Dummy-1   ]: 
[0m07:44:48.514904 [info ] [Dummy-1   ]: Done. PASS=6 WARN=0 ERROR=0 SKIP=0 TOTAL=6
[0m07:44:48.516535 [debug] [Dummy-1   ]: Resource report: {"command_name": "run", "command_success": true, "command_wall_clock_time": 7.293648, "process_in_blocks": "0", "process_kernel_time": 0.86, "process_mem_max_rss": "461756", "process_out_blocks": "0", "process_user_time": 4.58}
[0m07:44:48.517096 [debug] [Dummy-1   ]: Command `cli run` succeeded at 07:44:48.516870 after 7.29 seconds
[0m07:44:48.517611 [debug] [Dummy-1   ]: Flushing usage events


============================== 07:45:58.050052 | be2a4dd1-ec27-467b-ab3b-68bcb285702d ==============================
[0m07:45:58.050052 [info ] [Dummy-1   ]: Running with dbt=1.9.4
[0m07:45:58.051040 [debug] [Dummy-1   ]: running dbt with arguments {'printer_width': '80', 'indirect_selection': 'eager', 'log_cache_events': 'False', 'write_json': 'True', 'partial_parse': 'True', 'cache_selected_only': 'False', 'warn_error': 'None', 'version_check': 'True', 'fail_fast': 'False', 'log_path': '/tmp/dbt/logs', 'debug': 'False', 'profiles_dir': '/tmp/dbt/', 'use_colors': 'True', 'use_experimental_parser': 'False', 'no_print': 'None', 'quiet': 'False', 'empty': 'False', 'warn_error_options': 'WarnErrorOptions(include=[], exclude=[])', 'invocation_command': 'dbt ', 'introspect': 'True', 'log_format': 'default', 'target_path': '/tmp/dbt/target/', 'static_parser': 'True', 'send_anonymous_usage_stats': 'False'}
[0m07:45:58.346182 [info ] [Dummy-1   ]: Registered adapter: snowflake=1.9.2
[0m07:45:58.388646 [debug] [Dummy-1   ]: checksum: 53ed91fada2233efb98368d1716b44ab532c83a9c293cf1890b7905d5b45fb25, vars: {}, profile: , target: dev, version: 1.9.4
[0m07:45:58.654394 [debug] [Dummy-1   ]: Partial parsing enabled: 0 files deleted, 0 files added, 0 files changed.
[0m07:45:58.655030 [debug] [Dummy-1   ]: Partial parsing enabled, no changes found, skipping parsing
[0m07:45:58.806989 [debug] [Dummy-1   ]: Wrote artifact WritableManifest to /tmp/dbt/target/manifest.json
[0m07:45:58.809289 [debug] [Dummy-1   ]: Wrote artifact SemanticManifest to /tmp/dbt/target/semantic_manifest.json
[0m07:45:58.852992 [info ] [Dummy-1   ]: Found 6 models, 20 data tests, 4 sources, 474 macros
[0m07:45:58.855752 [info ] [Dummy-1   ]: 
[0m07:45:58.856418 [info ] [Dummy-1   ]: Concurrency: 4 threads (target='dev')
[0m07:45:58.856987 [info ] [Dummy-1   ]: 
[0m07:45:58.857753 [debug] [Dummy-1   ]: Acquiring new snowflake connection 'master'
[0m07:45:58.864385 [debug] [ThreadPool]: Acquiring new snowflake connection 'list_DBT_DEMO'
[0m07:45:58.865627 [debug] [ThreadPool]: Acquiring new snowflake connection 'list_DBT_DEMO'
[0m07:45:58.959134 [debug] [ThreadPool]: Using snowflake connection "list_DBT_DEMO"
[0m07:45:58.959904 [debug] [ThreadPool]: Using snowflake connection "list_DBT_DEMO"
[0m07:45:58.960456 [debug] [ThreadPool]: On list_DBT_DEMO: /* {"app": "dbt", "dbt_version": "1.9.4", "profile_name": "dbt_demo", "target_name": "dev", "connection_name": "list_DBT_DEMO"} */
show terse schemas in database DBT_DEMO
    limit 10000
[0m07:45:58.960946 [debug] [ThreadPool]: On list_DBT_DEMO: /* {"app": "dbt", "dbt_version": "1.9.4", "profile_name": "dbt_demo", "target_name": "dev", "connection_name": "list_DBT_DEMO"} */
show terse schemas in database DBT_DEMO
    limit 10000
[0m07:45:58.961424 [debug] [ThreadPool]: Opening a new connection, currently in state init
[0m07:45:58.961887 [debug] [ThreadPool]: Opening a new connection, currently in state init
[0m07:45:59.809998 [debug] [ThreadPool]: SQL status: SUCCESS 7 in 0.848 seconds
[0m07:45:59.835747 [debug] [ThreadPool]: SQL status: SUCCESS 7 in 0.874 seconds
[0m07:45:59.840288 [debug] [ThreadPool]: Acquiring new snowflake connection 'list_DBT_DEMO_RAW_marts'
[0m07:45:59.841384 [debug] [ThreadPool]: Re-using an available connection from the pool (formerly list_DBT_DEMO, now list_DBT_DEMO_RAW_staging)
[0m07:45:59.858953 [debug] [ThreadPool]: Using snowflake connection "list_DBT_DEMO_RAW_marts"
[0m07:45:59.867687 [debug] [ThreadPool]: Using snowflake connection "list_DBT_DEMO_RAW_staging"
[0m07:45:59.868399 [debug] [ThreadPool]: On list_DBT_DEMO_RAW_marts: /* {"app": "dbt", "dbt_version": "1.9.4", "profile_name": "dbt_demo", "target_name": "dev", "connection_name": "list_DBT_DEMO_RAW_marts"} */
alter session set quoted_identifiers_ignore_case = false;
[0m07:45:59.869120 [debug] [ThreadPool]: On list_DBT_DEMO_RAW_staging: /* {"app": "dbt", "dbt_version": "1.9.4", "profile_name": "dbt_demo", "target_name": "dev", "connection_name": "list_DBT_DEMO_RAW_staging"} */
alter session set quoted_identifiers_ignore_case = false;
[0m07:45:59.869697 [debug] [ThreadPool]: Opening a new connection, currently in state init
[0m07:45:59.870188 [debug] [ThreadPool]: Opening a new connection, currently in state init
[0m07:46:00.535081 [debug] [ThreadPool]: SQL status: SUCCESS 1 in 0.665 seconds
[0m07:46:00.540041 [debug] [ThreadPool]: Using snowflake connection "list_DBT_DEMO_RAW_marts"
[0m07:46:00.540604 [debug] [ThreadPool]: On list_DBT_DEMO_RAW_marts: /* {"app": "dbt", "dbt_version": "1.9.4", "profile_name": "dbt_demo", "target_name": "dev", "connection_name": "list_DBT_DEMO_RAW_marts"} */
show objects in DBT_DEMO.RAW_marts
    limit 10000
    
;
[0m07:46:00.576644 [debug] [ThreadPool]: SQL status: SUCCESS 1 in 0.706 seconds
[0m07:46:00.578726 [debug] [ThreadPool]: Using snowflake connection "list_DBT_DEMO_RAW_staging"
[0m07:46:00.579258 [debug] [ThreadPool]: On list_DBT_DEMO_RAW_staging: /* {"app": "dbt", "dbt_version": "1.9.4", "profile_name": "dbt_demo", "target_name": "dev", "connection_name": "list_DBT_DEMO_RAW_staging"} */
show objects in DBT_DEMO.RAW_staging
    limit 10000
    
;
[0m07:46:00.665005 [debug] [ThreadPool]: SQL status: SUCCESS 2 in 0.124 seconds
[0m07:46:00.667107 [debug] [ThreadPool]: Using snowflake connection "list_DBT_DEMO_RAW_marts"
[0m07:46:00.667645 [debug] [ThreadPool]: On list_DBT_DEMO_RAW_marts: /* {"app": "dbt", "dbt_version": "1.9.4", "profile_name": "dbt_demo", "target_name": "dev", "connection_name": "list_DBT_DEMO_RAW_marts"} */
alter session unset quoted_identifiers_ignore_case;
[0m07:46:00.757177 [debug] [ThreadPool]: SQL status: SUCCESS 4 in 0.177 seconds
[0m07:46:00.759454 [debug] [ThreadPool]: Using snowflake connection "list_DBT_DEMO_RAW_staging"
[0m07:46:00.759986 [debug] [ThreadPool]: On list_DBT_DEMO_RAW_staging: /* {"app": "dbt", "dbt_version": "1.9.4", "profile_name": "dbt_demo", "target_name": "dev", "connection_name": "list_DBT_DEMO_RAW_staging"} */
alter session unset quoted_identifiers_ignore_case;
[0m07:46:00.772922 [debug] [ThreadPool]: SQL status: SUCCESS 1 in 0.105 seconds
[0m07:46:00.878174 [debug] [ThreadPool]: SQL status: SUCCESS 1 in 0.117 seconds
[0m07:46:00.887336 [debug] [Thread-2 (]: Began running node model.dbt_demo.stg_customers
[0m07:46:00.888546 [debug] [Thread-3 (]: Began running node model.dbt_demo.stg_order_items
[0m07:46:00.889227 [debug] [Thread-4 (]: Began running node model.dbt_demo.stg_orders
[0m07:46:00.889894 [debug] [Thread-5 (]: Began running node model.dbt_demo.stg_products
[0m07:46:00.890761 [info ] [Thread-2 (]: 1 of 6 START sql view model RAW_staging.stg_customers .......................... [RUN]
[0m07:46:00.891673 [info ] [Thread-3 (]: 2 of 6 START sql view model RAW_staging.stg_order_items ........................ [RUN]
[0m07:46:00.892546 [info ] [Thread-4 (]: 3 of 6 START sql view model RAW_staging.stg_orders ............................. [RUN]
[0m07:46:00.893401 [info ] [Thread-5 (]: 4 of 6 START sql view model RAW_staging.stg_products ........................... [RUN]
[0m07:46:00.894113 [debug] [Thread-2 (]: Re-using an available connection from the pool (formerly list_DBT_DEMO_RAW_staging, now model.dbt_demo.stg_customers)
[0m07:46:00.894679 [debug] [Thread-3 (]: Re-using an available connection from the pool (formerly list_DBT_DEMO_RAW_marts, now model.dbt_demo.stg_order_items)
[0m07:46:00.895275 [debug] [Thread-4 (]: Re-using an available connection from the pool (formerly list_DBT_DEMO, now model.dbt_demo.stg_orders)
[0m07:46:00.895936 [debug] [Thread-5 (]: Acquiring new snowflake connection 'model.dbt_demo.stg_products'
[0m07:46:00.896455 [debug] [Thread-2 (]: Began compiling node model.dbt_demo.stg_customers
[0m07:46:00.896943 [debug] [Thread-3 (]: Began compiling node model.dbt_demo.stg_order_items
[0m07:46:00.897392 [debug] [Thread-4 (]: Began compiling node model.dbt_demo.stg_orders
[0m07:46:00.897879 [debug] [Thread-5 (]: Began compiling node model.dbt_demo.stg_products
[0m07:46:00.910573 [debug] [Thread-2 (]: Writing injected SQL for node "model.dbt_demo.stg_customers"
[0m07:46:00.919830 [debug] [Thread-3 (]: Writing injected SQL for node "model.dbt_demo.stg_order_items"
[0m07:46:00.927885 [debug] [Thread-4 (]: Writing injected SQL for node "model.dbt_demo.stg_orders"
[0m07:46:00.937009 [debug] [Thread-5 (]: Writing injected SQL for node "model.dbt_demo.stg_products"
[0m07:46:00.938353 [debug] [Thread-2 (]: Began executing node model.dbt_demo.stg_customers
[0m07:46:00.938998 [debug] [Thread-3 (]: Began executing node model.dbt_demo.stg_order_items
[0m07:46:00.939910 [debug] [Thread-4 (]: Began executing node model.dbt_demo.stg_orders
[0m07:46:00.951861 [debug] [Thread-5 (]: Began executing node model.dbt_demo.stg_products
[0m07:46:01.005120 [debug] [Thread-3 (]: Writing runtime sql for node "model.dbt_demo.stg_order_items"
[0m07:46:01.008156 [debug] [Thread-2 (]: Writing runtime sql for node "model.dbt_demo.stg_customers"
[0m07:46:01.016514 [debug] [Thread-4 (]: Writing runtime sql for node "model.dbt_demo.stg_orders"
[0m07:46:01.024949 [debug] [Thread-5 (]: Writing runtime sql for node "model.dbt_demo.stg_products"
[0m07:46:01.026653 [debug] [Thread-3 (]: Using snowflake connection "model.dbt_demo.stg_order_items"
[0m07:46:01.028215 [debug] [Thread-2 (]: Using snowflake connection "model.dbt_demo.stg_customers"
[0m07:46:01.029556 [debug] [Thread-4 (]: Using snowflake connection "model.dbt_demo.stg_orders"
[0m07:46:01.030267 [debug] [Thread-3 (]: On model.dbt_demo.stg_order_items: /* {"app": "dbt", "dbt_version": "1.9.4", "profile_name": "dbt_demo", "target_name": "dev", "node_id": "model.dbt_demo.stg_order_items"} */
create or replace   view DBT_DEMO.RAW_staging.stg_order_items
  
   as (
    with source as (
    select * from DBT_DEMO.RAW.order_items
),

renamed as (
    select
        order_item_id,
        order_id,
        product_id,
        quantity
    from source
)

select * from renamed
  );
[0m07:46:01.031292 [debug] [Thread-5 (]: Using snowflake connection "model.dbt_demo.stg_products"
[0m07:46:01.031865 [debug] [Thread-2 (]: On model.dbt_demo.stg_customers: /* {"app": "dbt", "dbt_version": "1.9.4", "profile_name": "dbt_demo", "target_name": "dev", "node_id": "model.dbt_demo.stg_customers"} */
create or replace   view DBT_DEMO.RAW_staging.stg_customers
  
   as (
    with source as (
    select * from DBT_DEMO.RAW.customers
),

renamed as (
    select
        customer_id,
        first_name,
        last_name,
        first_name || ' ' || last_name as full_name,
        email,
        country,
        created_at as customer_created_at
    from source
)

select * from renamed
  );
[0m07:46:01.032412 [debug] [Thread-4 (]: On model.dbt_demo.stg_orders: /* {"app": "dbt", "dbt_version": "1.9.4", "profile_name": "dbt_demo", "target_name": "dev", "node_id": "model.dbt_demo.stg_orders"} */
create or replace   view DBT_DEMO.RAW_staging.stg_orders
  
   as (
    with source as (
    select * from DBT_DEMO.RAW.orders
),

renamed as (
    select
        order_id,
        customer_id,
        order_date,
        status as order_status
    from source
)

select * from renamed
  );
[0m07:46:01.032977 [debug] [Thread-3 (]: Opening a new connection, currently in state init
[0m07:46:01.034408 [debug] [Thread-5 (]: On model.dbt_demo.stg_products: /* {"app": "dbt", "dbt_version": "1.9.4", "profile_name": "dbt_demo", "target_name": "dev", "node_id": "model.dbt_demo.stg_products"} */
create or replace   view DBT_DEMO.RAW_staging.stg_products
  
   as (
    with source as (
    select * from DBT_DEMO.RAW.products
),

renamed as (
    select
        product_id,
        product_name,
        category,
        price as unit_price
    from source
)

select * from renamed
  );
[0m07:46:01.035055 [debug] [Thread-2 (]: Opening a new connection, currently in state init
[0m07:46:01.035565 [debug] [Thread-4 (]: Opening a new connection, currently in state init
[0m07:46:01.036224 [debug] [Thread-5 (]: Opening a new connection, currently in state init
[0m07:46:02.055021 [debug] [Thread-2 (]: SQL status: SUCCESS 1 in 1.020 seconds
[0m07:46:02.055993 [debug] [Thread-5 (]: SQL status: SUCCESS 1 in 1.020 seconds
[0m07:46:02.088800 [info ] [Thread-2 (]: 1 of 6 OK created sql view model RAW_staging.stg_customers ..................... [[32mSUCCESS 1[0m in 1.19s]
[0m07:46:02.089853 [info ] [Thread-5 (]: 4 of 6 OK created sql view model RAW_staging.stg_products ...................... [[32mSUCCESS 1[0m in 1.19s]
[0m07:46:02.090766 [debug] [Thread-2 (]: Finished running node model.dbt_demo.stg_customers
[0m07:46:02.091519 [debug] [Thread-5 (]: Finished running node model.dbt_demo.stg_products
[0m07:46:02.099329 [debug] [Thread-4 (]: SQL status: SUCCESS 1 in 1.064 seconds
[0m07:46:02.102625 [info ] [Thread-4 (]: 3 of 6 OK created sql view model RAW_staging.stg_orders ........................ [[32mSUCCESS 1[0m in 1.21s]
[0m07:46:02.103627 [debug] [Thread-3 (]: SQL status: SUCCESS 1 in 1.071 seconds
[0m07:46:02.104390 [debug] [Thread-4 (]: Finished running node model.dbt_demo.stg_orders
[0m07:46:02.107632 [info ] [Thread-3 (]: 2 of 6 OK created sql view model RAW_staging.stg_order_items ................... [[32mSUCCESS 1[0m in 1.21s]
[0m07:46:02.109108 [debug] [Thread-3 (]: Finished running node model.dbt_demo.stg_order_items
[0m07:46:02.110953 [debug] [Thread-2 (]: Began running node model.dbt_demo.dim_customers
[0m07:46:02.111662 [debug] [Thread-5 (]: Began running node model.dbt_demo.fct_order_lines
[0m07:46:02.112710 [info ] [Thread-2 (]: 5 of 6 START sql table model RAW_marts.dim_customers ........................... [RUN]
[0m07:46:02.113719 [info ] [Thread-5 (]: 6 of 6 START sql table model RAW_marts.fct_order_lines ......................... [RUN]
[0m07:46:02.114576 [debug] [Thread-2 (]: Re-using an available connection from the pool (formerly model.dbt_demo.stg_customers, now model.dbt_demo.dim_customers)
[0m07:46:02.115271 [debug] [Thread-5 (]: Re-using an available connection from the pool (formerly model.dbt_demo.stg_products, now model.dbt_demo.fct_order_lines)
[0m07:46:02.115863 [debug] [Thread-2 (]: Began compiling node model.dbt_demo.dim_customers
[0m07:46:02.116415 [debug] [Thread-5 (]: Began compiling node model.dbt_demo.fct_order_lines
[0m07:46:02.126261 [debug] [Thread-2 (]: Writing injected SQL for node "model.dbt_demo.dim_customers"
[0m07:46:02.136699 [debug] [Thread-5 (]: Writing injected SQL for node "model.dbt_demo.fct_order_lines"
[0m07:46:02.137918 [debug] [Thread-2 (]: Began executing node model.dbt_demo.dim_customers
[0m07:46:02.150164 [debug] [Thread-5 (]: Began executing node model.dbt_demo.fct_order_lines
[0m07:46:02.169737 [debug] [Thread-2 (]: Writing runtime sql for node "model.dbt_demo.dim_customers"
[0m07:46:02.179017 [debug] [Thread-5 (]: Writing runtime sql for node "model.dbt_demo.fct_order_lines"
[0m07:46:02.181502 [debug] [Thread-2 (]: Using snowflake connection "model.dbt_demo.dim_customers"
[0m07:46:02.183142 [debug] [Thread-5 (]: Using snowflake connection "model.dbt_demo.fct_order_lines"
[0m07:46:02.183793 [debug] [Thread-2 (]: On model.dbt_demo.dim_customers: /* {"app": "dbt", "dbt_version": "1.9.4", "profile_name": "dbt_demo", "target_name": "dev", "node_id": "model.dbt_demo.dim_customers"} */
create or replace transient table DBT_DEMO.RAW_marts.dim_customers
         as
        (with customers as (
    select * from DBT_DEMO.RAW_staging.stg_customers
),

orders as (
    select * from DBT_DEMO.RAW_staging.stg_orders
),

order_items as (
    select * from DBT_DEMO.RAW_staging.stg_order_items
),

products as (
    select * from DBT_DEMO.RAW_staging.stg_products
),

order_totals as (
    select
        o.order_id,
        o.customer_id,
        o.order_date,
        o.order_status,
        sum(oi.quantity * p.unit_price) as order_total
    from orders o
    join order_items oi on o.order_id = oi.order_id
    join products p on oi.product_id = p.product_id
    group by 1, 2, 3, 4
),

customer_metrics as (
    select
        c.customer_id,
        c.full_name,
        c.email,
        c.country,
        c.customer_created_at,
        count(distinct ot.order_id) as total_orders,
        coalesce(sum(ot.order_total), 0) as lifetime_value,
        min(ot.order_date) as first_order_date,
        max(ot.order_date) as last_order_date
    from customers c
    left join order_totals ot on c.customer_id = ot.customer_id
    group by 1, 2, 3, 4, 5
)

select * from customer_metrics
        );
[0m07:46:02.184451 [debug] [Thread-5 (]: On model.dbt_demo.fct_order_lines: /* {"app": "dbt", "dbt_version": "1.9.4", "profile_name": "dbt_demo", "target_name": "dev", "node_id": "model.dbt_demo.fct_order_lines"} */
create or replace transient table DBT_DEMO.RAW_marts.fct_order_lines
         as
        (with orders as (
    select * from DBT_DEMO.RAW_staging.stg_orders
),

order_items as (
    select * from DBT_DEMO.RAW_staging.stg_order_items
),

products as (
    select * from DBT_DEMO.RAW_staging.stg_products
),

final as (
    select
        oi.order_item_id,
        o.order_id,
        o.customer_id,
        o.order_date,
        o.order_status,
        oi.product_id,
        p.product_name,
        p.category,
        oi.quantity,
        p.unit_price,
        oi.quantity * p.unit_price as line_total
    from orders o
    join order_items oi on o.order_id = oi.order_id
    join products p on oi.product_id = p.product_id
)

select * from final
        );
[0m07:46:02.185012 [debug] [Thread-2 (]: Opening a new connection, currently in state init
[0m07:46:02.185534 [debug] [Thread-5 (]: Opening a new connection, currently in state init
[0m07:46:04.524854 [debug] [Thread-5 (]: SQL status: SUCCESS 1 in 2.339 seconds
[0m07:46:04.528199 [info ] [Thread-5 (]: 6 of 6 OK created sql table model RAW_marts.fct_order_lines .................... [[32mSUCCESS 1[0m in 2.41s]
[0m07:46:04.529053 [debug] [Thread-5 (]: Finished running node model.dbt_demo.fct_order_lines
[0m07:46:04.642851 [debug] [Thread-2 (]: SQL status: SUCCESS 1 in 2.458 seconds
[0m07:46:04.646141 [info ] [Thread-2 (]: 5 of 6 OK created sql table model RAW_marts.dim_customers ...................... [[32mSUCCESS 1[0m in 2.53s]
[0m07:46:04.647002 [debug] [Thread-2 (]: Finished running node model.dbt_demo.dim_customers
[0m07:46:04.650510 [debug] [Dummy-1   ]: Connection 'master' was properly closed.
[0m07:46:04.651311 [debug] [Dummy-1   ]: Connection 'model.dbt_demo.stg_orders' was properly closed.
[0m07:46:04.651760 [debug] [Dummy-1   ]: Connection 'model.dbt_demo.dim_customers' was properly closed.
[0m07:46:04.652171 [debug] [Dummy-1   ]: Connection 'model.dbt_demo.stg_order_items' was properly closed.
[0m07:46:04.652579 [debug] [Dummy-1   ]: Connection 'model.dbt_demo.fct_order_lines' was properly closed.
[0m07:46:04.653312 [info ] [Dummy-1   ]: 
[0m07:46:04.653970 [info ] [Dummy-1   ]: Finished running 2 table models, 4 view models in 0 hours 0 minutes and 5.80 seconds (5.80s).
[0m07:46:04.655426 [debug] [Dummy-1   ]: Command end result
[0m07:46:04.681896 [debug] [Dummy-1   ]: Wrote artifact WritableManifest to /tmp/dbt/target/manifest.json
[0m07:46:04.684136 [debug] [Dummy-1   ]: Wrote artifact SemanticManifest to /tmp/dbt/target/semantic_manifest.json
[0m07:46:04.691013 [debug] [Dummy-1   ]: Wrote artifact RunExecutionResult to /tmp/dbt/target/run_results.json
[0m07:46:04.691711 [info ] [Dummy-1   ]: 
[0m07:46:04.692508 [info ] [Dummy-1   ]: [32mCompleted successfully[0m
[0m07:46:04.693145 [info ] [Dummy-1   ]: 
[0m07:46:04.693816 [info ] [Dummy-1   ]: Done. PASS=6 WARN=0 ERROR=0 SKIP=0 TOTAL=6
[0m07:46:04.695668 [debug] [Dummy-1   ]: Resource report: {"command_name": "run", "command_success": true, "command_wall_clock_time": 6.724398, "process_in_blocks": "0", "process_kernel_time": 0.77, "process_mem_max_rss": "453636", "process_out_blocks": "0", "process_user_time": 4.66}
[0m07:46:04.696340 [debug] [Dummy-1   ]: Command `cli run` succeeded at 07:46:04.696067 after 6.73 seconds
[0m07:46:04.696899 [debug] [Dummy-1   ]: Flushing usage events


============================== 07:47:14.955236 | 16e43e3e-ad6a-467d-9ac4-21be99f68019 ==============================
[0m07:47:14.955236 [info ] [Dummy-1   ]: Running with dbt=1.9.4
[0m07:47:14.956220 [debug] [Dummy-1   ]: running dbt with arguments {'printer_width': '80', 'indirect_selection': 'eager', 'write_json': 'True', 'log_cache_events': 'False', 'partial_parse': 'True', 'cache_selected_only': 'False', 'profiles_dir': '/tmp/dbt/', 'debug': 'False', 'warn_error': 'None', 'log_path': '/tmp/dbt/logs', 'fail_fast': 'False', 'version_check': 'True', 'use_colors': 'True', 'use_experimental_parser': 'False', 'no_print': 'None', 'quiet': 'False', 'empty': 'False', 'log_format': 'default', 'static_parser': 'True', 'introspect': 'True', 'warn_error_options': 'WarnErrorOptions(include=[], exclude=[])', 'target_path': '/tmp/dbt/target/', 'invocation_command': 'dbt ', 'send_anonymous_usage_stats': 'False'}
[0m07:47:15.249081 [info ] [Dummy-1   ]: Registered adapter: snowflake=1.9.2
[0m07:47:15.291830 [debug] [Dummy-1   ]: checksum: 53ed91fada2233efb98368d1716b44ab532c83a9c293cf1890b7905d5b45fb25, vars: {}, profile: , target: dev, version: 1.9.4
[0m07:47:15.560969 [debug] [Dummy-1   ]: Partial parsing enabled: 0 files deleted, 0 files added, 0 files changed.
[0m07:47:15.561583 [debug] [Dummy-1   ]: Partial parsing enabled, no changes found, skipping parsing
[0m07:47:15.713965 [debug] [Dummy-1   ]: Wrote artifact WritableManifest to /tmp/dbt/target/manifest.json
[0m07:47:15.716171 [debug] [Dummy-1   ]: Wrote artifact SemanticManifest to /tmp/dbt/target/semantic_manifest.json
[0m07:47:15.759632 [info ] [Dummy-1   ]: Found 6 models, 20 data tests, 4 sources, 474 macros
[0m07:47:15.762466 [info ] [Dummy-1   ]: 
[0m07:47:15.763172 [info ] [Dummy-1   ]: Concurrency: 4 threads (target='dev')
[0m07:47:15.763803 [info ] [Dummy-1   ]: 
[0m07:47:15.764594 [debug] [Dummy-1   ]: Acquiring new snowflake connection 'master'
[0m07:47:15.771003 [debug] [ThreadPool]: Acquiring new snowflake connection 'list_DBT_DEMO'
[0m07:47:15.772404 [debug] [ThreadPool]: Acquiring new snowflake connection 'list_DBT_DEMO'
[0m07:47:15.867596 [debug] [ThreadPool]: Using snowflake connection "list_DBT_DEMO"
[0m07:47:15.868345 [debug] [ThreadPool]: Using snowflake connection "list_DBT_DEMO"
[0m07:47:15.868904 [debug] [ThreadPool]: On list_DBT_DEMO: /* {"app": "dbt", "dbt_version": "1.9.4", "profile_name": "dbt_demo", "target_name": "dev", "connection_name": "list_DBT_DEMO"} */
show terse schemas in database DBT_DEMO
    limit 10000
[0m07:47:15.869435 [debug] [ThreadPool]: On list_DBT_DEMO: /* {"app": "dbt", "dbt_version": "1.9.4", "profile_name": "dbt_demo", "target_name": "dev", "connection_name": "list_DBT_DEMO"} */
show terse schemas in database DBT_DEMO
    limit 10000
[0m07:47:15.869944 [debug] [ThreadPool]: Opening a new connection, currently in state init
[0m07:47:15.870409 [debug] [ThreadPool]: Opening a new connection, currently in state init
[0m07:47:17.573107 [debug] [ThreadPool]: SQL status: SUCCESS 5 in 1.703 seconds
[0m07:47:17.575806 [debug] [ThreadPool]: SQL status: SUCCESS 5 in 1.706 seconds
[0m07:47:17.579915 [debug] [ThreadPool]: Acquiring new snowflake connection 'list_DBT_DEMO_RAW_staging'
[0m07:47:17.580963 [debug] [ThreadPool]: Re-using an available connection from the pool (formerly list_DBT_DEMO, now list_DBT_DEMO_RAW_marts)
[0m07:47:17.597919 [debug] [ThreadPool]: Using snowflake connection "list_DBT_DEMO_RAW_staging"
[0m07:47:17.606593 [debug] [ThreadPool]: Using snowflake connection "list_DBT_DEMO_RAW_marts"
[0m07:47:17.607226 [debug] [ThreadPool]: On list_DBT_DEMO_RAW_staging: /* {"app": "dbt", "dbt_version": "1.9.4", "profile_name": "dbt_demo", "target_name": "dev", "connection_name": "list_DBT_DEMO_RAW_staging"} */
alter session set quoted_identifiers_ignore_case = false;
[0m07:47:17.607957 [debug] [ThreadPool]: On list_DBT_DEMO_RAW_marts: /* {"app": "dbt", "dbt_version": "1.9.4", "profile_name": "dbt_demo", "target_name": "dev", "connection_name": "list_DBT_DEMO_RAW_marts"} */
alter session set quoted_identifiers_ignore_case = false;
[0m07:47:17.608531 [debug] [ThreadPool]: Opening a new connection, currently in state init
[0m07:47:17.609020 [debug] [ThreadPool]: Opening a new connection, currently in state init
[0m07:47:18.516769 [debug] [ThreadPool]: SQL status: SUCCESS 1 in 0.908 seconds
[0m07:47:18.521828 [debug] [ThreadPool]: Using snowflake connection "list_DBT_DEMO_RAW_staging"
[0m07:47:18.522465 [debug] [ThreadPool]: On list_DBT_DEMO_RAW_staging: /* {"app": "dbt", "dbt_version": "1.9.4", "profile_name": "dbt_demo", "target_name": "dev", "connection_name": "list_DBT_DEMO_RAW_staging"} */
show objects in DBT_DEMO.RAW_staging
    limit 10000
    
;
[0m07:47:18.524649 [debug] [ThreadPool]: SQL status: SUCCESS 1 in 0.916 seconds
[0m07:47:18.526602 [debug] [ThreadPool]: Using snowflake connection "list_DBT_DEMO_RAW_marts"
[0m07:47:18.527152 [debug] [ThreadPool]: On list_DBT_DEMO_RAW_marts: /* {"app": "dbt", "dbt_version": "1.9.4", "profile_name": "dbt_demo", "target_name": "dev", "connection_name": "list_DBT_DEMO_RAW_marts"} */
show objects in DBT_DEMO.RAW_marts
    limit 10000
    
;
[0m07:47:18.704807 [debug] [ThreadPool]: SQL status: SUCCESS 4 in 0.182 seconds
[0m07:47:18.705894 [debug] [ThreadPool]: SQL status: SUCCESS 2 in 0.178 seconds
[0m07:47:18.708124 [debug] [ThreadPool]: Using snowflake connection "list_DBT_DEMO_RAW_staging"
[0m07:47:18.710174 [debug] [ThreadPool]: Using snowflake connection "list_DBT_DEMO_RAW_marts"
[0m07:47:18.710774 [debug] [ThreadPool]: On list_DBT_DEMO_RAW_staging: /* {"app": "dbt", "dbt_version": "1.9.4", "profile_name": "dbt_demo", "target_name": "dev", "connection_name": "list_DBT_DEMO_RAW_staging"} */
alter session unset quoted_identifiers_ignore_case;
[0m07:47:18.711297 [debug] [ThreadPool]: On list_DBT_DEMO_RAW_marts: /* {"app": "dbt", "dbt_version": "1.9.4", "profile_name": "dbt_demo", "target_name": "dev", "connection_name": "list_DBT_DEMO_RAW_marts"} */
alter session unset quoted_identifiers_ignore_case;
[0m07:47:18.886189 [debug] [ThreadPool]: SQL status: SUCCESS 1 in 0.174 seconds
[0m07:47:18.913359 [debug] [ThreadPool]: SQL status: SUCCESS 1 in 0.201 seconds
[0m07:47:18.922337 [debug] [Thread-2 (]: Began running node model.dbt_demo.stg_customers
[0m07:47:18.923557 [debug] [Thread-3 (]: Began running node model.dbt_demo.stg_order_items
[0m07:47:18.924270 [debug] [Thread-4 (]: Began running node model.dbt_demo.stg_orders
[0m07:47:18.924950 [debug] [Thread-5 (]: Began running node model.dbt_demo.stg_products
[0m07:47:18.925847 [info ] [Thread-2 (]: 1 of 6 START sql view model RAW_staging.stg_customers .......................... [RUN]
[0m07:47:18.926786 [info ] [Thread-3 (]: 2 of 6 START sql view model RAW_staging.stg_order_items ........................ [RUN]
[0m07:47:18.927717 [info ] [Thread-4 (]: 3 of 6 START sql view model RAW_staging.stg_orders ............................. [RUN]
[0m07:47:18.928623 [info ] [Thread-5 (]: 4 of 6 START sql view model RAW_staging.stg_products ........................... [RUN]
[0m07:47:18.929364 [debug] [Thread-2 (]: Re-using an available connection from the pool (formerly list_DBT_DEMO_RAW_staging, now model.dbt_demo.stg_customers)
[0m07:47:18.929987 [debug] [Thread-3 (]: Re-using an available connection from the pool (formerly list_DBT_DEMO_RAW_marts, now model.dbt_demo.stg_order_items)
[0m07:47:18.930573 [debug] [Thread-4 (]: Re-using an available connection from the pool (formerly list_DBT_DEMO, now model.dbt_demo.stg_orders)
[0m07:47:18.931282 [debug] [Thread-5 (]: Acquiring new snowflake connection 'model.dbt_demo.stg_products'
[0m07:47:18.931814 [debug] [Thread-2 (]: Began compiling node model.dbt_demo.stg_customers
[0m07:47:18.932311 [debug] [Thread-3 (]: Began compiling node model.dbt_demo.stg_order_items
[0m07:47:18.932810 [debug] [Thread-4 (]: Began compiling node model.dbt_demo.stg_orders
[0m07:47:18.933304 [debug] [Thread-5 (]: Began compiling node model.dbt_demo.stg_products
[0m07:47:18.946115 [debug] [Thread-2 (]: Writing injected SQL for node "model.dbt_demo.stg_customers"
[0m07:47:18.955455 [debug] [Thread-3 (]: Writing injected SQL for node "model.dbt_demo.stg_order_items"
[0m07:47:18.963866 [debug] [Thread-4 (]: Writing injected SQL for node "model.dbt_demo.stg_orders"
[0m07:47:18.973181 [debug] [Thread-5 (]: Writing injected SQL for node "model.dbt_demo.stg_products"
[0m07:47:18.974391 [debug] [Thread-2 (]: Began executing node model.dbt_demo.stg_customers
[0m07:47:18.975310 [debug] [Thread-3 (]: Began executing node model.dbt_demo.stg_order_items
[0m07:47:18.976209 [debug] [Thread-4 (]: Began executing node model.dbt_demo.stg_orders
[0m07:47:19.014345 [debug] [Thread-5 (]: Began executing node model.dbt_demo.stg_products
[0m07:47:19.042832 [debug] [Thread-2 (]: Writing runtime sql for node "model.dbt_demo.stg_customers"
[0m07:47:19.046362 [debug] [Thread-3 (]: Writing runtime sql for node "model.dbt_demo.stg_order_items"
[0m07:47:19.054650 [debug] [Thread-4 (]: Writing runtime sql for node "model.dbt_demo.stg_orders"
[0m07:47:19.063600 [debug] [Thread-5 (]: Writing runtime sql for node "model.dbt_demo.stg_products"
[0m07:47:19.065437 [debug] [Thread-2 (]: Using snowflake connection "model.dbt_demo.stg_customers"
[0m07:47:19.066767 [debug] [Thread-3 (]: Using snowflake connection "model.dbt_demo.stg_order_items"
[0m07:47:19.067917 [debug] [Thread-4 (]: Using snowflake connection "model.dbt_demo.stg_orders"
[0m07:47:19.068736 [debug] [Thread-2 (]: On model.dbt_demo.stg_customers: /* {"app": "dbt", "dbt_version": "1.9.4", "profile_name": "dbt_demo", "target_name": "dev", "node_id": "model.dbt_demo.stg_customers"} */
create or replace   view DBT_DEMO.RAW_staging.stg_customers
  
   as (
    with source as (
    select * from DBT_DEMO.RAW.customers
),

renamed as (
    select
        customer_id,
        first_name,
        last_name,
        first_name || ' ' || last_name as full_name,
        email,
        country,
        created_at as customer_created_at
    from source
)

select * from renamed
  );
[0m07:47:19.069810 [debug] [Thread-5 (]: Using snowflake connection "model.dbt_demo.stg_products"
[0m07:47:19.070379 [debug] [Thread-3 (]: On model.dbt_demo.stg_order_items: /* {"app": "dbt", "dbt_version": "1.9.4", "profile_name": "dbt_demo", "target_name": "dev", "node_id": "model.dbt_demo.stg_order_items"} */
create or replace   view DBT_DEMO.RAW_staging.stg_order_items
  
   as (
    with source as (
    select * from DBT_DEMO.RAW.order_items
),

renamed as (
    select
        order_item_id,
        order_id,
        product_id,
        quantity
    from source
)

select * from renamed
  );
[0m07:47:19.070959 [debug] [Thread-4 (]: On model.dbt_demo.stg_orders: /* {"app": "dbt", "dbt_version": "1.9.4", "profile_name": "dbt_demo", "target_name": "dev", "node_id": "model.dbt_demo.stg_orders"} */
create or replace   view DBT_DEMO.RAW_staging.stg_orders
  
   as (
    with source as (
    select * from DBT_DEMO.RAW.orders
),

renamed as (
    select
        order_id,
        customer_id,
        order_date,
        status as order_status
    from source
)

select * from renamed
  );
[0m07:47:19.071550 [debug] [Thread-2 (]: Opening a new connection, currently in state init
[0m07:47:19.072136 [debug] [Thread-5 (]: On model.dbt_demo.stg_products: /* {"app": "dbt", "dbt_version": "1.9.4", "profile_name": "dbt_demo", "target_name": "dev", "node_id": "model.dbt_demo.stg_products"} */
create or replace   view DBT_DEMO.RAW_staging.stg_products
  
   as (
    with source as (
    select * from DBT_DEMO.RAW.products
),

renamed as (
    select
        product_id,
        product_name,
        category,
        price as unit_price
    from source
)

select * from renamed
  );
[0m07:47:19.072690 [debug] [Thread-3 (]: Opening a new connection, currently in state init
[0m07:47:19.073207 [debug] [Thread-4 (]: Opening a new connection, currently in state init
[0m07:47:19.073870 [debug] [Thread-5 (]: Opening a new connection, currently in state init
[0m07:47:20.274629 [debug] [Thread-2 (]: SQL status: SUCCESS 1 in 1.203 seconds
[0m07:47:20.301583 [debug] [Thread-5 (]: SQL status: SUCCESS 1 in 1.228 seconds
[0m07:47:20.306764 [info ] [Thread-2 (]: 1 of 6 OK created sql view model RAW_staging.stg_customers ..................... [[32mSUCCESS 1[0m in 1.37s]
[0m07:47:20.307781 [info ] [Thread-5 (]: 4 of 6 OK created sql view model RAW_staging.stg_products ...................... [[32mSUCCESS 1[0m in 1.37s]
[0m07:47:20.308681 [debug] [Thread-2 (]: Finished running node model.dbt_demo.stg_customers
[0m07:47:20.309400 [debug] [Thread-5 (]: Finished running node model.dbt_demo.stg_products
[0m07:47:20.324574 [debug] [Thread-4 (]: SQL status: SUCCESS 1 in 1.251 seconds
[0m07:47:20.327829 [info ] [Thread-4 (]: 3 of 6 OK created sql view model RAW_staging.stg_orders ........................ [[32mSUCCESS 1[0m in 1.40s]
[0m07:47:20.328704 [debug] [Thread-4 (]: Finished running node model.dbt_demo.stg_orders
[0m07:47:20.353907 [debug] [Thread-3 (]: SQL status: SUCCESS 1 in 1.281 seconds
[0m07:47:20.357149 [info ] [Thread-3 (]: 2 of 6 OK created sql view model RAW_staging.stg_order_items ................... [[32mSUCCESS 1[0m in 1.43s]
[0m07:47:20.357949 [debug] [Thread-3 (]: Finished running node model.dbt_demo.stg_order_items
[0m07:47:20.359602 [debug] [Thread-2 (]: Began running node model.dbt_demo.dim_customers
[0m07:47:20.360225 [debug] [Thread-5 (]: Began running node model.dbt_demo.fct_order_lines
[0m07:47:20.361237 [info ] [Thread-2 (]: 5 of 6 START sql table model RAW_marts.dim_customers ........................... [RUN]
[0m07:47:20.362123 [info ] [Thread-5 (]: 6 of 6 START sql table model RAW_marts.fct_order_lines ......................... [RUN]
[0m07:47:20.362848 [debug] [Thread-2 (]: Re-using an available connection from the pool (formerly model.dbt_demo.stg_customers, now model.dbt_demo.dim_customers)
[0m07:47:20.363445 [debug] [Thread-5 (]: Re-using an available connection from the pool (formerly model.dbt_demo.stg_products, now model.dbt_demo.fct_order_lines)
[0m07:47:20.363974 [debug] [Thread-2 (]: Began compiling node model.dbt_demo.dim_customers
[0m07:47:20.364460 [debug] [Thread-5 (]: Began compiling node model.dbt_demo.fct_order_lines
[0m07:47:20.373887 [debug] [Thread-2 (]: Writing injected SQL for node "model.dbt_demo.dim_customers"
[0m07:47:20.384120 [debug] [Thread-5 (]: Writing injected SQL for node "model.dbt_demo.fct_order_lines"
[0m07:47:20.385129 [debug] [Thread-2 (]: Began executing node model.dbt_demo.dim_customers
[0m07:47:20.385733 [debug] [Thread-5 (]: Began executing node model.dbt_demo.fct_order_lines
[0m07:47:20.416008 [debug] [Thread-2 (]: Writing runtime sql for node "model.dbt_demo.dim_customers"
[0m07:47:20.508716 [debug] [Thread-5 (]: Writing runtime sql for node "model.dbt_demo.fct_order_lines"
[0m07:47:20.510841 [debug] [Thread-5 (]: Using snowflake connection "model.dbt_demo.fct_order_lines"
[0m07:47:20.512776 [debug] [Thread-2 (]: Using snowflake connection "model.dbt_demo.dim_customers"
[0m07:47:20.513428 [debug] [Thread-5 (]: On model.dbt_demo.fct_order_lines: /* {"app": "dbt", "dbt_version": "1.9.4", "profile_name": "dbt_demo", "target_name": "dev", "node_id": "model.dbt_demo.fct_order_lines"} */
create or replace transient table DBT_DEMO.RAW_marts.fct_order_lines
         as
        (with orders as (
    select * from DBT_DEMO.RAW_staging.stg_orders
),

order_items as (
    select * from DBT_DEMO.RAW_staging.stg_order_items
),

products as (
    select * from DBT_DEMO.RAW_staging.stg_products
),

final as (
    select
        oi.order_item_id,
        o.order_id,
        o.customer_id,
        o.order_date,
        o.order_status,
        oi.product_id,
        p.product_name,
        p.category,
        oi.quantity,
        p.unit_price,
        oi.quantity * p.unit_price as line_total
    from orders o
    join order_items oi on o.order_id = oi.order_id
    join products p on oi.product_id = p.product_id
)

select * from final
        );
[0m07:47:20.514101 [debug] [Thread-2 (]: On model.dbt_demo.dim_customers: /* {"app": "dbt", "dbt_version": "1.9.4", "profile_name": "dbt_demo", "target_name": "dev", "node_id": "model.dbt_demo.dim_customers"} */
create or replace transient table DBT_DEMO.RAW_marts.dim_customers
         as
        (with customers as (
    select * from DBT_DEMO.RAW_staging.stg_customers
),

orders as (
    select * from DBT_DEMO.RAW_staging.stg_orders
),

order_items as (
    select * from DBT_DEMO.RAW_staging.stg_order_items
),

products as (
    select * from DBT_DEMO.RAW_staging.stg_products
),

order_totals as (
    select
        o.order_id,
        o.customer_id,
        o.order_date,
        o.order_status,
        sum(oi.quantity * p.unit_price) as order_total
    from orders o
    join order_items oi on o.order_id = oi.order_id
    join products p on oi.product_id = p.product_id
    group by 1, 2, 3, 4
),

customer_metrics as (
    select
        c.customer_id,
        c.full_name,
        c.email,
        c.country,
        c.customer_created_at,
        count(distinct ot.order_id) as total_orders,
        coalesce(sum(ot.order_total), 0) as lifetime_value,
        min(ot.order_date) as first_order_date,
        max(ot.order_date) as last_order_date
    from customers c
    left join order_totals ot on c.customer_id = ot.customer_id
    group by 1, 2, 3, 4, 5
)

select * from customer_metrics
        );
[0m07:47:20.514681 [debug] [Thread-5 (]: Opening a new connection, currently in state init
[0m07:47:20.515206 [debug] [Thread-2 (]: Opening a new connection, currently in state init
[0m07:47:23.483798 [debug] [Thread-5 (]: SQL status: SUCCESS 1 in 2.969 seconds
[0m07:47:23.487312 [info ] [Thread-5 (]: 6 of 6 OK created sql table model RAW_marts.fct_order_lines .................... [[32mSUCCESS 1[0m in 3.12s]
[0m07:47:23.488193 [debug] [Thread-5 (]: Finished running node model.dbt_demo.fct_order_lines
[0m07:47:23.509895 [debug] [Thread-2 (]: SQL status: SUCCESS 1 in 2.995 seconds
[0m07:47:23.513146 [info ] [Thread-2 (]: 5 of 6 OK created sql table model RAW_marts.dim_customers ...................... [[32mSUCCESS 1[0m in 3.15s]
[0m07:47:23.513997 [debug] [Thread-2 (]: Finished running node model.dbt_demo.dim_customers
[0m07:47:23.517947 [debug] [Dummy-1   ]: Connection 'master' was properly closed.
[0m07:47:23.518639 [debug] [Dummy-1   ]: Connection 'model.dbt_demo.stg_order_items' was properly closed.
[0m07:47:23.519083 [debug] [Dummy-1   ]: Connection 'model.dbt_demo.stg_orders' was properly closed.
[0m07:47:23.519506 [debug] [Dummy-1   ]: Connection 'model.dbt_demo.dim_customers' was properly closed.
[0m07:47:23.519938 [debug] [Dummy-1   ]: Connection 'model.dbt_demo.fct_order_lines' was properly closed.
[0m07:47:23.520662 [info ] [Dummy-1   ]: 
[0m07:47:23.521297 [info ] [Dummy-1   ]: Finished running 2 table models, 4 view models in 0 hours 0 minutes and 7.76 seconds (7.76s).
[0m07:47:23.522732 [debug] [Dummy-1   ]: Command end result
[0m07:47:23.549458 [debug] [Dummy-1   ]: Wrote artifact WritableManifest to /tmp/dbt/target/manifest.json
[0m07:47:23.551555 [debug] [Dummy-1   ]: Wrote artifact SemanticManifest to /tmp/dbt/target/semantic_manifest.json
[0m07:47:23.558154 [debug] [Dummy-1   ]: Wrote artifact RunExecutionResult to /tmp/dbt/target/run_results.json
[0m07:47:23.558827 [info ] [Dummy-1   ]: 
[0m07:47:23.559583 [info ] [Dummy-1   ]: [32mCompleted successfully[0m
[0m07:47:23.560183 [info ] [Dummy-1   ]: 
[0m07:47:23.560792 [info ] [Dummy-1   ]: Done. PASS=6 WARN=0 ERROR=0 SKIP=0 TOTAL=6
[0m07:47:23.562588 [debug] [Dummy-1   ]: Resource report: {"command_name": "run", "command_success": true, "command_wall_clock_time": 8.685266, "process_in_blocks": "0", "process_kernel_time": 0.89, "process_mem_max_rss": "456688", "process_out_blocks": "0", "process_user_time": 4.63}
[0m07:47:23.563251 [debug] [Dummy-1   ]: Command `cli run` succeeded at 07:47:23.562990 after 8.69 seconds
[0m07:47:23.563797 [debug] [Dummy-1   ]: Flushing usage events


============================== 07:48:42.845831 | f1bea24f-f94e-4e22-b8c2-6a7a3115b65f ==============================
[0m07:48:42.845831 [info ] [Dummy-1   ]: Running with dbt=1.9.4
[0m07:48:42.846789 [debug] [Dummy-1   ]: running dbt with arguments {'printer_width': '80', 'indirect_selection': 'eager', 'write_json': 'True', 'log_cache_events': 'False', 'partial_parse': 'True', 'cache_selected_only': 'False', 'warn_error': 'None', 'version_check': 'True', 'fail_fast': 'False', 'log_path': '/tmp/dbt/logs', 'profiles_dir': '/tmp/dbt/', 'debug': 'False', 'use_colors': 'True', 'use_experimental_parser': 'False', 'no_print': 'None', 'quiet': 'False', 'empty': 'None', 'warn_error_options': 'WarnErrorOptions(include=[], exclude=[])', 'introspect': 'True', 'static_parser': 'True', 'invocation_command': 'dbt ', 'target_path': '/tmp/dbt/target/', 'log_format': 'default', 'send_anonymous_usage_stats': 'False'}
[0m07:48:43.136335 [info ] [Dummy-1   ]: Registered adapter: snowflake=1.9.2
[0m07:48:43.180049 [debug] [Dummy-1   ]: checksum: 53ed91fada2233efb98368d1716b44ab532c83a9c293cf1890b7905d5b45fb25, vars: {}, profile: , target: dev, version: 1.9.4
[0m07:48:43.446374 [debug] [Dummy-1   ]: Partial parsing enabled: 0 files deleted, 0 files added, 0 files changed.
[0m07:48:43.446965 [debug] [Dummy-1   ]: Partial parsing enabled, no changes found, skipping parsing
[0m07:48:43.598452 [debug] [Dummy-1   ]: Wrote artifact WritableManifest to /tmp/dbt/target/manifest.json
[0m07:48:43.600639 [debug] [Dummy-1   ]: Wrote artifact SemanticManifest to /tmp/dbt/target/semantic_manifest.json
[0m07:48:43.659363 [info ] [Dummy-1   ]: Found 6 models, 20 data tests, 4 sources, 474 macros
[0m07:48:43.662768 [info ] [Dummy-1   ]: 
[0m07:48:43.663492 [info ] [Dummy-1   ]: Concurrency: 4 threads (target='dev')
[0m07:48:43.664090 [info ] [Dummy-1   ]: 
[0m07:48:43.664939 [debug] [Dummy-1   ]: Acquiring new snowflake connection 'master'
[0m07:48:43.671368 [debug] [ThreadPool]: Acquiring new snowflake connection 'list_DBT_DEMO_RAW_marts'
[0m07:48:43.672544 [debug] [ThreadPool]: Acquiring new snowflake connection 'list_DBT_DEMO_RAW_staging'
[0m07:48:43.770834 [debug] [ThreadPool]: Using snowflake connection "list_DBT_DEMO_RAW_marts"
[0m07:48:43.771616 [debug] [ThreadPool]: Using snowflake connection "list_DBT_DEMO_RAW_staging"
[0m07:48:43.772190 [debug] [ThreadPool]: On list_DBT_DEMO_RAW_marts: /* {"app": "dbt", "dbt_version": "1.9.4", "profile_name": "dbt_demo", "target_name": "dev", "connection_name": "list_DBT_DEMO_RAW_marts"} */
alter session set quoted_identifiers_ignore_case = false;
[0m07:48:43.772736 [debug] [ThreadPool]: On list_DBT_DEMO_RAW_staging: /* {"app": "dbt", "dbt_version": "1.9.4", "profile_name": "dbt_demo", "target_name": "dev", "connection_name": "list_DBT_DEMO_RAW_staging"} */
alter session set quoted_identifiers_ignore_case = false;
[0m07:48:43.773227 [debug] [ThreadPool]: Opening a new connection, currently in state init
[0m07:48:43.773690 [debug] [ThreadPool]: Opening a new connection, currently in state init
[0m07:48:44.472683 [debug] [ThreadPool]: SQL status: SUCCESS 1 in 0.699 seconds
[0m07:48:44.477422 [debug] [ThreadPool]: Using snowflake connection "list_DBT_DEMO_RAW_marts"
[0m07:48:44.478005 [debug] [ThreadPool]: On list_DBT_DEMO_RAW_marts: /* {"app": "dbt", "dbt_version": "1.9.4", "profile_name": "dbt_demo", "target_name": "dev", "connection_name": "list_DBT_DEMO_RAW_marts"} */
show objects in DBT_DEMO.RAW_marts
    limit 10000
    
;
[0m07:48:44.544717 [debug] [ThreadPool]: SQL status: SUCCESS 1 in 0.771 seconds
[0m07:48:44.546861 [debug] [ThreadPool]: Using snowflake connection "list_DBT_DEMO_RAW_staging"
[0m07:48:44.547406 [debug] [ThreadPool]: On list_DBT_DEMO_RAW_staging: /* {"app": "dbt", "dbt_version": "1.9.4", "profile_name": "dbt_demo", "target_name": "dev", "connection_name": "list_DBT_DEMO_RAW_staging"} */
show objects in DBT_DEMO.RAW_staging
    limit 10000
    
;
[0m07:48:44.898929 [debug] [ThreadPool]: SQL status: SUCCESS 2 in 0.420 seconds
[0m07:48:44.901176 [debug] [ThreadPool]: Using snowflake connection "list_DBT_DEMO_RAW_marts"
[0m07:48:44.901713 [debug] [ThreadPool]: On list_DBT_DEMO_RAW_marts: /* {"app": "dbt", "dbt_version": "1.9.4", "profile_name": "dbt_demo", "target_name": "dev", "connection_name": "list_DBT_DEMO_RAW_marts"} */
alter session unset quoted_identifiers_ignore_case;
[0m07:48:45.021059 [debug] [ThreadPool]: SQL status: SUCCESS 4 in 0.473 seconds
[0m07:48:45.023275 [debug] [ThreadPool]: Using snowflake connection "list_DBT_DEMO_RAW_staging"
[0m07:48:45.023823 [debug] [ThreadPool]: On list_DBT_DEMO_RAW_staging: /* {"app": "dbt", "dbt_version": "1.9.4", "profile_name": "dbt_demo", "target_name": "dev", "connection_name": "list_DBT_DEMO_RAW_staging"} */
alter session unset quoted_identifiers_ignore_case;
[0m07:48:45.061782 [debug] [ThreadPool]: SQL status: SUCCESS 1 in 0.159 seconds
[0m07:48:45.153702 [debug] [ThreadPool]: SQL status: SUCCESS 1 in 0.129 seconds
[0m07:48:45.164062 [debug] [Thread-2 (]: Began running node test.dbt_demo.accepted_values_stg_customers_country__USA__Canada__UK__Germany__France.df764d7c74
[0m07:48:45.164831 [debug] [Thread-3 (]: Began running node test.dbt_demo.accepted_values_stg_orders_order_status__pending__completed__cancelled__shipped.28072636a2
[0m07:48:45.165519 [debug] [Thread-4 (]: Began running node test.dbt_demo.not_null_dim_customers_customer_id.dd91cd1c8d
[0m07:48:45.166199 [debug] [Thread-5 (]: Began running node test.dbt_demo.not_null_fct_order_lines_order_item_id.b82485ef56
[0m07:48:45.166909 [info ] [Thread-2 (]: 1 of 20 START test accepted_values_stg_customers_country__USA__Canada__UK__Germany__France  [RUN]
[0m07:48:45.167657 [info ] [Thread-3 (]: 2 of 20 START test accepted_values_stg_orders_order_status__pending__completed__cancelled__shipped  [RUN]
[0m07:48:45.169475 [info ] [Thread-4 (]: 3 of 20 START test not_null_dim_customers_customer_id .......................... [RUN]
[0m07:48:45.170338 [info ] [Thread-5 (]: 4 of 20 START test not_null_fct_order_lines_order_item_id ...................... [RUN]
[0m07:48:45.171141 [debug] [Thread-2 (]: Re-using an available connection from the pool (formerly list_DBT_DEMO_RAW_marts, now test.dbt_demo.accepted_values_stg_customers_country__USA__Canada__UK__Germany__France.df764d7c74)
[0m07:48:45.171756 [debug] [Thread-3 (]: Re-using an available connection from the pool (formerly list_DBT_DEMO_RAW_staging, now test.dbt_demo.accepted_values_stg_orders_order_status__pending__completed__cancelled__shipped.28072636a2)
[0m07:48:45.172456 [debug] [Thread-4 (]: Acquiring new snowflake connection 'test.dbt_demo.not_null_dim_customers_customer_id.dd91cd1c8d'
[0m07:48:45.173144 [debug] [Thread-5 (]: Acquiring new snowflake connection 'test.dbt_demo.not_null_fct_order_lines_order_item_id.b82485ef56'
[0m07:48:45.173692 [debug] [Thread-2 (]: Began compiling node test.dbt_demo.accepted_values_stg_customers_country__USA__Canada__UK__Germany__France.df764d7c74
[0m07:48:45.174211 [debug] [Thread-3 (]: Began compiling node test.dbt_demo.accepted_values_stg_orders_order_status__pending__completed__cancelled__shipped.28072636a2
[0m07:48:45.174696 [debug] [Thread-4 (]: Began compiling node test.dbt_demo.not_null_dim_customers_customer_id.dd91cd1c8d
[0m07:48:45.175214 [debug] [Thread-5 (]: Began compiling node test.dbt_demo.not_null_fct_order_lines_order_item_id.b82485ef56
[0m07:48:45.200290 [debug] [Thread-2 (]: Writing injected SQL for node "test.dbt_demo.accepted_values_stg_customers_country__USA__Canada__UK__Germany__France.df764d7c74"
[0m07:48:45.212796 [debug] [Thread-3 (]: Writing injected SQL for node "test.dbt_demo.accepted_values_stg_orders_order_status__pending__completed__cancelled__shipped.28072636a2"
[0m07:48:45.229085 [debug] [Thread-4 (]: Writing injected SQL for node "test.dbt_demo.not_null_dim_customers_customer_id.dd91cd1c8d"
[0m07:48:45.238648 [debug] [Thread-5 (]: Writing injected SQL for node "test.dbt_demo.not_null_fct_order_lines_order_item_id.b82485ef56"
[0m07:48:45.239983 [debug] [Thread-2 (]: Began executing node test.dbt_demo.accepted_values_stg_customers_country__USA__Canada__UK__Germany__France.df764d7c74
[0m07:48:45.240783 [debug] [Thread-3 (]: Began executing node test.dbt_demo.accepted_values_stg_orders_order_status__pending__completed__cancelled__shipped.28072636a2
[0m07:48:45.241666 [debug] [Thread-4 (]: Began executing node test.dbt_demo.not_null_dim_customers_customer_id.dd91cd1c8d
[0m07:48:45.259308 [debug] [Thread-5 (]: Began executing node test.dbt_demo.not_null_fct_order_lines_order_item_id.b82485ef56
[0m07:48:45.270091 [debug] [Thread-2 (]: Writing runtime sql for node "test.dbt_demo.accepted_values_stg_customers_country__USA__Canada__UK__Germany__France.df764d7c74"
[0m07:48:45.277969 [debug] [Thread-3 (]: Writing runtime sql for node "test.dbt_demo.accepted_values_stg_orders_order_status__pending__completed__cancelled__shipped.28072636a2"
[0m07:48:45.286552 [debug] [Thread-4 (]: Writing runtime sql for node "test.dbt_demo.not_null_dim_customers_customer_id.dd91cd1c8d"
[0m07:48:45.294409 [debug] [Thread-5 (]: Writing runtime sql for node "test.dbt_demo.not_null_fct_order_lines_order_item_id.b82485ef56"
[0m07:48:45.296237 [debug] [Thread-2 (]: Using snowflake connection "test.dbt_demo.accepted_values_stg_customers_country__USA__Canada__UK__Germany__France.df764d7c74"
[0m07:48:45.297625 [debug] [Thread-3 (]: Using snowflake connection "test.dbt_demo.accepted_values_stg_orders_order_status__pending__completed__cancelled__shipped.28072636a2"
[0m07:48:45.298938 [debug] [Thread-4 (]: Using snowflake connection "test.dbt_demo.not_null_dim_customers_customer_id.dd91cd1c8d"
[0m07:48:45.299658 [debug] [Thread-2 (]: On test.dbt_demo.accepted_values_stg_customers_country__USA__Canada__UK__Germany__France.df764d7c74: /* {"app": "dbt", "dbt_version": "1.9.4", "profile_name": "dbt_demo", "target_name": "dev", "node_id": "test.dbt_demo.accepted_values_stg_customers_country__USA__Canada__UK__Germany__France.df764d7c74"} */
select
      count(*) as failures,
      count(*) != 0 as should_warn,
      count(*) != 0 as should_error
    from (
      
    
    

with all_values as (

    select
        country as value_field,
        count(*) as n_records

    from DBT_DEMO.RAW_staging.stg_customers
    group by country

)

select *
from all_values
where value_field not in (
    'USA','Canada','UK','Germany','France'
)



      
    ) dbt_internal_test
[0m07:48:45.300672 [debug] [Thread-5 (]: Using snowflake connection "test.dbt_demo.not_null_fct_order_lines_order_item_id.b82485ef56"
[0m07:48:45.301304 [debug] [Thread-3 (]: On test.dbt_demo.accepted_values_stg_orders_order_status__pending__completed__cancelled__shipped.28072636a2: /* {"app": "dbt", "dbt_version": "1.9.4", "profile_name": "dbt_demo", "target_name": "dev", "node_id": "test.dbt_demo.accepted_values_stg_orders_order_status__pending__completed__cancelled__shipped.28072636a2"} */
select
      count(*) as failures,
      count(*) != 0 as should_warn,
      count(*) != 0 as should_error
    from (
      
    
    

with all_values as (

    select
        order_status as value_field,
        count(*) as n_records

    from DBT_DEMO.RAW_staging.stg_orders
    group by order_status

)

select *
from all_values
where value_field not in (
    'pending','completed','cancelled','shipped'
)



      
    ) dbt_internal_test
[0m07:48:45.301912 [debug] [Thread-4 (]: On test.dbt_demo.not_null_dim_customers_customer_id.dd91cd1c8d: /* {"app": "dbt", "dbt_version": "1.9.4", "profile_name": "dbt_demo", "target_name": "dev", "node_id": "test.dbt_demo.not_null_dim_customers_customer_id.dd91cd1c8d"} */
select
      count(*) as failures,
      count(*) != 0 as should_warn,
      count(*) != 0 as should_error
    from (
      
    
    



select customer_id
from DBT_DEMO.RAW_marts.dim_customers
where customer_id is null



      
    ) dbt_internal_test
[0m07:48:45.302515 [debug] [Thread-2 (]: Opening a new connection, currently in state init
[0m07:48:45.303103 [debug] [Thread-5 (]: On test.dbt_demo.not_null_fct_order_lines_order_item_id.b82485ef56: /* {"app": "dbt", "dbt_version": "1.9.4", "profile_name": "dbt_demo", "target_name": "dev", "node_id": "test.dbt_demo.not_null_fct_order_lines_order_item_id.b82485ef56"} */
select
      count(*) as failures,
      count(*) != 0 as should_warn,
      count(*) != 0 as should_error
    from (
      
    
    



select order_item_id
from DBT_DEMO.RAW_marts.fct_order_lines
where order_item_id is null



      
    ) dbt_internal_test
[0m07:48:45.303659 [debug] [Thread-3 (]: Opening a new connection, currently in state init
[0m07:48:45.304153 [debug] [Thread-4 (]: Opening a new connection, currently in state init
[0m07:48:45.304781 [debug] [Thread-5 (]: Opening a new connection, currently in state init
[0m07:48:46.150057 [debug] [Thread-5 (]: SQL status: SUCCESS 1 in 0.845 seconds
[0m07:48:46.159980 [info ] [Thread-5 (]: 4 of 20 PASS not_null_fct_order_lines_order_item_id ............................ [[32mPASS[0m in 0.99s]
[0m07:48:46.161021 [debug] [Thread-2 (]: SQL status: SUCCESS 1 in 0.858 seconds
[0m07:48:46.161834 [debug] [Thread-5 (]: Finished running node test.dbt_demo.not_null_fct_order_lines_order_item_id.b82485ef56
[0m07:48:46.164280 [info ] [Thread-2 (]: 1 of 20 PASS accepted_values_stg_customers_country__USA__Canada__UK__Germany__France  [[32mPASS[0m in 0.99s]
[0m07:48:46.165495 [debug] [Thread-5 (]: Began running node test.dbt_demo.not_null_stg_customers_customer_id.e2cfb1f9aa
[0m07:48:46.166367 [debug] [Thread-2 (]: Finished running node test.dbt_demo.accepted_values_stg_customers_country__USA__Canada__UK__Germany__France.df764d7c74
[0m07:48:46.167105 [info ] [Thread-5 (]: 5 of 20 START test not_null_stg_customers_customer_id .......................... [RUN]
[0m07:48:46.168158 [debug] [Thread-2 (]: Began running node test.dbt_demo.not_null_stg_customers_email.d7cf761533
[0m07:48:46.168933 [debug] [Thread-5 (]: Re-using an available connection from the pool (formerly test.dbt_demo.not_null_fct_order_lines_order_item_id.b82485ef56, now test.dbt_demo.not_null_stg_customers_customer_id.e2cfb1f9aa)
[0m07:48:46.169637 [info ] [Thread-2 (]: 6 of 20 START test not_null_stg_customers_email ................................ [RUN]
[0m07:48:46.170743 [debug] [Thread-3 (]: SQL status: SUCCESS 1 in 0.867 seconds
[0m07:48:46.171316 [debug] [Thread-5 (]: Began compiling node test.dbt_demo.not_null_stg_customers_customer_id.e2cfb1f9aa
[0m07:48:46.171981 [debug] [Thread-2 (]: Re-using an available connection from the pool (formerly test.dbt_demo.accepted_values_stg_customers_country__USA__Canada__UK__Germany__France.df764d7c74, now test.dbt_demo.not_null_stg_customers_email.d7cf761533)
[0m07:48:46.174638 [info ] [Thread-3 (]: 2 of 20 PASS accepted_values_stg_orders_order_status__pending__completed__cancelled__shipped  [[32mPASS[0m in 1.00s]
[0m07:48:46.186290 [debug] [Thread-5 (]: Writing injected SQL for node "test.dbt_demo.not_null_stg_customers_customer_id.e2cfb1f9aa"
[0m07:48:46.187024 [debug] [Thread-2 (]: Began compiling node test.dbt_demo.not_null_stg_customers_email.d7cf761533
[0m07:48:46.187874 [debug] [Thread-3 (]: Finished running node test.dbt_demo.accepted_values_stg_orders_order_status__pending__completed__cancelled__shipped.28072636a2
[0m07:48:46.198031 [debug] [Thread-2 (]: Writing injected SQL for node "test.dbt_demo.not_null_stg_customers_email.d7cf761533"
[0m07:48:46.198745 [debug] [Thread-5 (]: Began executing node test.dbt_demo.not_null_stg_customers_customer_id.e2cfb1f9aa
[0m07:48:46.199778 [debug] [Thread-3 (]: Began running node test.dbt_demo.not_null_stg_order_items_order_id.2063801f96
[0m07:48:46.207456 [debug] [Thread-4 (]: SQL status: SUCCESS 1 in 0.903 seconds
[0m07:48:46.210259 [debug] [Thread-5 (]: Writing runtime sql for node "test.dbt_demo.not_null_stg_customers_customer_id.e2cfb1f9aa"
[0m07:48:46.210880 [debug] [Thread-2 (]: Began executing node test.dbt_demo.not_null_stg_customers_email.d7cf761533
[0m07:48:46.211575 [info ] [Thread-3 (]: 7 of 20 START test not_null_stg_order_items_order_id ........................... [RUN]
[0m07:48:46.214200 [info ] [Thread-4 (]: 3 of 20 PASS not_null_dim_customers_customer_id ................................ [[32mPASS[0m in 1.04s]
[0m07:48:46.222489 [debug] [Thread-2 (]: Writing runtime sql for node "test.dbt_demo.not_null_stg_customers_email.d7cf761533"
[0m07:48:46.223600 [debug] [Thread-5 (]: Using snowflake connection "test.dbt_demo.not_null_stg_customers_customer_id.e2cfb1f9aa"
[0m07:48:46.224227 [debug] [Thread-3 (]: Re-using an available connection from the pool (formerly test.dbt_demo.accepted_values_stg_orders_order_status__pending__completed__cancelled__shipped.28072636a2, now test.dbt_demo.not_null_stg_order_items_order_id.2063801f96)
[0m07:48:46.225054 [debug] [Thread-4 (]: Finished running node test.dbt_demo.not_null_dim_customers_customer_id.dd91cd1c8d
[0m07:48:46.225968 [debug] [Thread-5 (]: On test.dbt_demo.not_null_stg_customers_customer_id.e2cfb1f9aa: /* {"app": "dbt", "dbt_version": "1.9.4", "profile_name": "dbt_demo", "target_name": "dev", "node_id": "test.dbt_demo.not_null_stg_customers_customer_id.e2cfb1f9aa"} */
select
      count(*) as failures,
      count(*) != 0 as should_warn,
      count(*) != 0 as should_error
    from (
      
    
    



select customer_id
from DBT_DEMO.RAW_staging.stg_customers
where customer_id is null



      
    ) dbt_internal_test
[0m07:48:46.226924 [debug] [Thread-2 (]: Using snowflake connection "test.dbt_demo.not_null_stg_customers_email.d7cf761533"
[0m07:48:46.227559 [debug] [Thread-3 (]: Began compiling node test.dbt_demo.not_null_stg_order_items_order_id.2063801f96
[0m07:48:46.228705 [debug] [Thread-4 (]: Began running node test.dbt_demo.not_null_stg_order_items_order_item_id.26a7e2bc35
[0m07:48:46.229492 [debug] [Thread-5 (]: Opening a new connection, currently in state init
[0m07:48:46.230283 [debug] [Thread-2 (]: On test.dbt_demo.not_null_stg_customers_email.d7cf761533: /* {"app": "dbt", "dbt_version": "1.9.4", "profile_name": "dbt_demo", "target_name": "dev", "node_id": "test.dbt_demo.not_null_stg_customers_email.d7cf761533"} */
select
      count(*) as failures,
      count(*) != 0 as should_warn,
      count(*) != 0 as should_error
    from (
      
    
    



select email
from DBT_DEMO.RAW_staging.stg_customers
where email is null



      
    ) dbt_internal_test
[0m07:48:46.240448 [debug] [Thread-3 (]: Writing injected SQL for node "test.dbt_demo.not_null_stg_order_items_order_id.2063801f96"
[0m07:48:46.241380 [info ] [Thread-4 (]: 8 of 20 START test not_null_stg_order_items_order_item_id ...................... [RUN]
[0m07:48:46.242387 [debug] [Thread-2 (]: Opening a new connection, currently in state init
[0m07:48:46.243428 [debug] [Thread-4 (]: Re-using an available connection from the pool (formerly test.dbt_demo.not_null_dim_customers_customer_id.dd91cd1c8d, now test.dbt_demo.not_null_stg_order_items_order_item_id.26a7e2bc35)
[0m07:48:46.244095 [debug] [Thread-3 (]: Began executing node test.dbt_demo.not_null_stg_order_items_order_id.2063801f96
[0m07:48:46.244801 [debug] [Thread-4 (]: Began compiling node test.dbt_demo.not_null_stg_order_items_order_item_id.26a7e2bc35
[0m07:48:46.253749 [debug] [Thread-3 (]: Writing runtime sql for node "test.dbt_demo.not_null_stg_order_items_order_id.2063801f96"
[0m07:48:46.263351 [debug] [Thread-4 (]: Writing injected SQL for node "test.dbt_demo.not_null_stg_order_items_order_item_id.26a7e2bc35"
[0m07:48:46.264868 [debug] [Thread-3 (]: Using snowflake connection "test.dbt_demo.not_null_stg_order_items_order_id.2063801f96"
[0m07:48:46.265656 [debug] [Thread-3 (]: On test.dbt_demo.not_null_stg_order_items_order_id.2063801f96: /* {"app": "dbt", "dbt_version": "1.9.4", "profile_name": "dbt_demo", "target_name": "dev", "node_id": "test.dbt_demo.not_null_stg_order_items_order_id.2063801f96"} */
select
      count(*) as failures,
      count(*) != 0 as should_warn,
      count(*) != 0 as should_error
    from (
      
    
    



select order_id
from DBT_DEMO.RAW_staging.stg_order_items
where order_id is null



      
    ) dbt_internal_test
[0m07:48:46.266212 [debug] [Thread-4 (]: Began executing node test.dbt_demo.not_null_stg_order_items_order_item_id.26a7e2bc35
[0m07:48:46.266732 [debug] [Thread-3 (]: Opening a new connection, currently in state init
[0m07:48:46.275799 [debug] [Thread-4 (]: Writing runtime sql for node "test.dbt_demo.not_null_stg_order_items_order_item_id.26a7e2bc35"
[0m07:48:46.278132 [debug] [Thread-4 (]: Using snowflake connection "test.dbt_demo.not_null_stg_order_items_order_item_id.26a7e2bc35"
[0m07:48:46.278770 [debug] [Thread-4 (]: On test.dbt_demo.not_null_stg_order_items_order_item_id.26a7e2bc35: /* {"app": "dbt", "dbt_version": "1.9.4", "profile_name": "dbt_demo", "target_name": "dev", "node_id": "test.dbt_demo.not_null_stg_order_items_order_item_id.26a7e2bc35"} */
select
      count(*) as failures,
      count(*) != 0 as should_warn,
      count(*) != 0 as should_error
    from (
      
    
    



select order_item_id
from DBT_DEMO.RAW_staging.stg_order_items
where order_item_id is null



      
    ) dbt_internal_test
[0m07:48:46.279346 [debug] [Thread-4 (]: Opening a new connection, currently in state init
[0m07:48:47.074506 [debug] [Thread-5 (]: SQL status: SUCCESS 1 in 0.845 seconds
[0m07:48:47.077237 [info ] [Thread-5 (]: 5 of 20 PASS not_null_stg_customers_customer_id ................................ [[32mPASS[0m in 0.91s]
[0m07:48:47.078143 [debug] [Thread-5 (]: Finished running node test.dbt_demo.not_null_stg_customers_customer_id.e2cfb1f9aa
[0m07:48:47.079182 [debug] [Thread-5 (]: Began running node test.dbt_demo.not_null_stg_orders_customer_id.af79d5e4b5
[0m07:48:47.080015 [info ] [Thread-5 (]: 9 of 20 START test not_null_stg_orders_customer_id ............................. [RUN]
[0m07:48:47.080759 [debug] [Thread-5 (]: Re-using an available connection from the pool (formerly test.dbt_demo.not_null_stg_customers_customer_id.e2cfb1f9aa, now test.dbt_demo.not_null_stg_orders_customer_id.af79d5e4b5)
[0m07:48:47.081294 [debug] [Thread-5 (]: Began compiling node test.dbt_demo.not_null_stg_orders_customer_id.af79d5e4b5
[0m07:48:47.091080 [debug] [Thread-5 (]: Writing injected SQL for node "test.dbt_demo.not_null_stg_orders_customer_id.af79d5e4b5"
[0m07:48:47.091912 [debug] [Thread-5 (]: Began executing node test.dbt_demo.not_null_stg_orders_customer_id.af79d5e4b5
[0m07:48:47.182390 [debug] [Thread-5 (]: Writing runtime sql for node "test.dbt_demo.not_null_stg_orders_customer_id.af79d5e4b5"
[0m07:48:47.183697 [debug] [Thread-5 (]: Using snowflake connection "test.dbt_demo.not_null_stg_orders_customer_id.af79d5e4b5"
[0m07:48:47.184340 [debug] [Thread-5 (]: On test.dbt_demo.not_null_stg_orders_customer_id.af79d5e4b5: /* {"app": "dbt", "dbt_version": "1.9.4", "profile_name": "dbt_demo", "target_name": "dev", "node_id": "test.dbt_demo.not_null_stg_orders_customer_id.af79d5e4b5"} */
select
      count(*) as failures,
      count(*) != 0 as should_warn,
      count(*) != 0 as should_error
    from (
      
    
    



select customer_id
from DBT_DEMO.RAW_staging.stg_orders
where customer_id is null



      
    ) dbt_internal_test
[0m07:48:47.184893 [debug] [Thread-5 (]: Opening a new connection, currently in state init
[0m07:48:47.202077 [debug] [Thread-3 (]: SQL status: SUCCESS 1 in 0.935 seconds
[0m07:48:47.204896 [info ] [Thread-3 (]: 7 of 20 PASS not_null_stg_order_items_order_id ................................. [[32mPASS[0m in 0.98s]
[0m07:48:47.205916 [debug] [Thread-3 (]: Finished running node test.dbt_demo.not_null_stg_order_items_order_id.2063801f96
[0m07:48:47.207006 [debug] [Thread-3 (]: Began running node test.dbt_demo.not_null_stg_orders_order_id.81cfe2fe64
[0m07:48:47.207808 [info ] [Thread-3 (]: 10 of 20 START test not_null_stg_orders_order_id ............................... [RUN]
[0m07:48:47.208617 [debug] [Thread-3 (]: Re-using an available connection from the pool (formerly test.dbt_demo.not_null_stg_order_items_order_id.2063801f96, now test.dbt_demo.not_null_stg_orders_order_id.81cfe2fe64)
[0m07:48:47.209203 [debug] [Thread-3 (]: Began compiling node test.dbt_demo.not_null_stg_orders_order_id.81cfe2fe64
[0m07:48:47.218325 [debug] [Thread-2 (]: SQL status: SUCCESS 1 in 0.976 seconds
[0m07:48:47.220407 [debug] [Thread-3 (]: Writing injected SQL for node "test.dbt_demo.not_null_stg_orders_order_id.81cfe2fe64"
[0m07:48:47.221472 [debug] [Thread-4 (]: SQL status: SUCCESS 1 in 0.942 seconds
[0m07:48:47.224083 [info ] [Thread-2 (]: 6 of 20 PASS not_null_stg_customers_email ...................................... [[32mPASS[0m in 1.05s]
[0m07:48:47.227156 [info ] [Thread-4 (]: 8 of 20 PASS not_null_stg_order_items_order_item_id ............................ [[32mPASS[0m in 0.98s]
[0m07:48:47.227827 [debug] [Thread-3 (]: Began executing node test.dbt_demo.not_null_stg_orders_order_id.81cfe2fe64
[0m07:48:47.228531 [debug] [Thread-2 (]: Finished running node test.dbt_demo.not_null_stg_customers_email.d7cf761533
[0m07:48:47.229256 [debug] [Thread-4 (]: Finished running node test.dbt_demo.not_null_stg_order_items_order_item_id.26a7e2bc35
[0m07:48:47.238578 [debug] [Thread-3 (]: Writing runtime sql for node "test.dbt_demo.not_null_stg_orders_order_id.81cfe2fe64"
[0m07:48:47.239680 [debug] [Thread-2 (]: Began running node test.dbt_demo.not_null_stg_products_product_id.6373b0acf3
[0m07:48:47.240738 [debug] [Thread-4 (]: Began running node test.dbt_demo.not_null_stg_products_unit_price.0be67d1be2
[0m07:48:47.241901 [info ] [Thread-2 (]: 11 of 20 START test not_null_stg_products_product_id ........................... [RUN]
[0m07:48:47.243062 [debug] [Thread-3 (]: Using snowflake connection "test.dbt_demo.not_null_stg_orders_order_id.81cfe2fe64"
[0m07:48:47.243731 [info ] [Thread-4 (]: 12 of 20 START test not_null_stg_products_unit_price ........................... [RUN]
[0m07:48:47.244537 [debug] [Thread-2 (]: Re-using an available connection from the pool (formerly test.dbt_demo.not_null_stg_customers_email.d7cf761533, now test.dbt_demo.not_null_stg_products_product_id.6373b0acf3)
[0m07:48:47.245159 [debug] [Thread-3 (]: On test.dbt_demo.not_null_stg_orders_order_id.81cfe2fe64: /* {"app": "dbt", "dbt_version": "1.9.4", "profile_name": "dbt_demo", "target_name": "dev", "node_id": "test.dbt_demo.not_null_stg_orders_order_id.81cfe2fe64"} */
select
      count(*) as failures,
      count(*) != 0 as should_warn,
      count(*) != 0 as should_error
    from (
      
    
    



select order_id
from DBT_DEMO.RAW_staging.stg_orders
where order_id is null



      
    ) dbt_internal_test
[0m07:48:47.245859 [debug] [Thread-4 (]: Re-using an available connection from the pool (formerly test.dbt_demo.not_null_stg_order_items_order_item_id.26a7e2bc35, now test.dbt_demo.not_null_stg_products_unit_price.0be67d1be2)
[0m07:48:47.246462 [debug] [Thread-2 (]: Began compiling node test.dbt_demo.not_null_stg_products_product_id.6373b0acf3
[0m07:48:47.247032 [debug] [Thread-3 (]: Opening a new connection, currently in state init
[0m07:48:47.247565 [debug] [Thread-4 (]: Began compiling node test.dbt_demo.not_null_stg_products_unit_price.0be67d1be2
[0m07:48:47.257184 [debug] [Thread-2 (]: Writing injected SQL for node "test.dbt_demo.not_null_stg_products_product_id.6373b0acf3"
[0m07:48:47.267745 [debug] [Thread-4 (]: Writing injected SQL for node "test.dbt_demo.not_null_stg_products_unit_price.0be67d1be2"
[0m07:48:47.269011 [debug] [Thread-2 (]: Began executing node test.dbt_demo.not_null_stg_products_product_id.6373b0acf3
[0m07:48:47.269601 [debug] [Thread-4 (]: Began executing node test.dbt_demo.not_null_stg_products_unit_price.0be67d1be2
[0m07:48:47.279154 [debug] [Thread-2 (]: Writing runtime sql for node "test.dbt_demo.not_null_stg_products_product_id.6373b0acf3"
[0m07:48:47.295121 [debug] [Thread-4 (]: Writing runtime sql for node "test.dbt_demo.not_null_stg_products_unit_price.0be67d1be2"
[0m07:48:47.296492 [debug] [Thread-2 (]: Using snowflake connection "test.dbt_demo.not_null_stg_products_product_id.6373b0acf3"
[0m07:48:47.297260 [debug] [Thread-2 (]: On test.dbt_demo.not_null_stg_products_product_id.6373b0acf3: /* {"app": "dbt", "dbt_version": "1.9.4", "profile_name": "dbt_demo", "target_name": "dev", "node_id": "test.dbt_demo.not_null_stg_products_product_id.6373b0acf3"} */
select
      count(*) as failures,
      count(*) != 0 as should_warn,
      count(*) != 0 as should_error
    from (
      
    
    



select product_id
from DBT_DEMO.RAW_staging.stg_products
where product_id is null



      
    ) dbt_internal_test
[0m07:48:47.298303 [debug] [Thread-4 (]: Using snowflake connection "test.dbt_demo.not_null_stg_products_unit_price.0be67d1be2"
[0m07:48:47.298824 [debug] [Thread-2 (]: Opening a new connection, currently in state init
[0m07:48:47.299375 [debug] [Thread-4 (]: On test.dbt_demo.not_null_stg_products_unit_price.0be67d1be2: /* {"app": "dbt", "dbt_version": "1.9.4", "profile_name": "dbt_demo", "target_name": "dev", "node_id": "test.dbt_demo.not_null_stg_products_unit_price.0be67d1be2"} */
select
      count(*) as failures,
      count(*) != 0 as should_warn,
      count(*) != 0 as should_error
    from (
      
    
    



select unit_price
from DBT_DEMO.RAW_staging.stg_products
where unit_price is null



      
    ) dbt_internal_test
[0m07:48:47.300081 [debug] [Thread-4 (]: Opening a new connection, currently in state init
[0m07:48:47.963627 [debug] [Thread-5 (]: SQL status: SUCCESS 1 in 0.779 seconds
[0m07:48:47.966561 [info ] [Thread-5 (]: 9 of 20 PASS not_null_stg_orders_customer_id ................................... [[32mPASS[0m in 0.89s]
[0m07:48:47.967420 [debug] [Thread-5 (]: Finished running node test.dbt_demo.not_null_stg_orders_customer_id.af79d5e4b5
[0m07:48:47.968430 [debug] [Thread-5 (]: Began running node test.dbt_demo.relationships_stg_orders_customer_id__customer_id__ref_stg_customers_.430bf21500
[0m07:48:47.969236 [info ] [Thread-5 (]: 13 of 20 START test relationships_stg_orders_customer_id__customer_id__ref_stg_customers_  [RUN]
[0m07:48:47.969953 [debug] [Thread-5 (]: Re-using an available connection from the pool (formerly test.dbt_demo.not_null_stg_orders_customer_id.af79d5e4b5, now test.dbt_demo.relationships_stg_orders_customer_id__customer_id__ref_stg_customers_.430bf21500)
[0m07:48:47.970458 [debug] [Thread-5 (]: Began compiling node test.dbt_demo.relationships_stg_orders_customer_id__customer_id__ref_stg_customers_.430bf21500
[0m07:48:47.985773 [debug] [Thread-5 (]: Writing injected SQL for node "test.dbt_demo.relationships_stg_orders_customer_id__customer_id__ref_stg_customers_.430bf21500"
[0m07:48:47.986574 [debug] [Thread-5 (]: Began executing node test.dbt_demo.relationships_stg_orders_customer_id__customer_id__ref_stg_customers_.430bf21500
[0m07:48:47.994155 [debug] [Thread-5 (]: Writing runtime sql for node "test.dbt_demo.relationships_stg_orders_customer_id__customer_id__ref_stg_customers_.430bf21500"
[0m07:48:47.995711 [debug] [Thread-5 (]: Using snowflake connection "test.dbt_demo.relationships_stg_orders_customer_id__customer_id__ref_stg_customers_.430bf21500"
[0m07:48:47.996362 [debug] [Thread-5 (]: On test.dbt_demo.relationships_stg_orders_customer_id__customer_id__ref_stg_customers_.430bf21500: /* {"app": "dbt", "dbt_version": "1.9.4", "profile_name": "dbt_demo", "target_name": "dev", "node_id": "test.dbt_demo.relationships_stg_orders_customer_id__customer_id__ref_stg_customers_.430bf21500"} */
select
      count(*) as failures,
      count(*) != 0 as should_warn,
      count(*) != 0 as should_error
    from (
      
    
    

with child as (
    select customer_id as from_field
    from DBT_DEMO.RAW_staging.stg_orders
    where customer_id is not null
),

parent as (
    select customer_id as to_field
    from DBT_DEMO.RAW_staging.stg_customers
)

select
    from_field

from child
left join parent
    on child.from_field = parent.to_field

where parent.to_field is null



      
    ) dbt_internal_test
[0m07:48:47.996901 [debug] [Thread-5 (]: Opening a new connection, currently in state init
[0m07:48:48.029174 [debug] [Thread-3 (]: SQL status: SUCCESS 1 in 0.782 seconds
[0m07:48:48.031933 [info ] [Thread-3 (]: 10 of 20 PASS not_null_stg_orders_order_id ..................................... [[32mPASS[0m in 0.82s]
[0m07:48:48.032808 [debug] [Thread-3 (]: Finished running node test.dbt_demo.not_null_stg_orders_order_id.81cfe2fe64
[0m07:48:48.033767 [debug] [Thread-3 (]: Began running node test.dbt_demo.unique_dim_customers_customer_id.15c9f1e2fd
[0m07:48:48.034536 [info ] [Thread-3 (]: 14 of 20 START test unique_dim_customers_customer_id ........................... [RUN]
[0m07:48:48.035244 [debug] [Thread-3 (]: Re-using an available connection from the pool (formerly test.dbt_demo.not_null_stg_orders_order_id.81cfe2fe64, now test.dbt_demo.unique_dim_customers_customer_id.15c9f1e2fd)
[0m07:48:48.035749 [debug] [Thread-3 (]: Began compiling node test.dbt_demo.unique_dim_customers_customer_id.15c9f1e2fd
[0m07:48:48.049426 [debug] [Thread-3 (]: Writing injected SQL for node "test.dbt_demo.unique_dim_customers_customer_id.15c9f1e2fd"
[0m07:48:48.050985 [debug] [Thread-3 (]: Began executing node test.dbt_demo.unique_dim_customers_customer_id.15c9f1e2fd
[0m07:48:48.058886 [debug] [Thread-3 (]: Writing runtime sql for node "test.dbt_demo.unique_dim_customers_customer_id.15c9f1e2fd"
[0m07:48:48.060326 [debug] [Thread-3 (]: Using snowflake connection "test.dbt_demo.unique_dim_customers_customer_id.15c9f1e2fd"
[0m07:48:48.060955 [debug] [Thread-3 (]: On test.dbt_demo.unique_dim_customers_customer_id.15c9f1e2fd: /* {"app": "dbt", "dbt_version": "1.9.4", "profile_name": "dbt_demo", "target_name": "dev", "node_id": "test.dbt_demo.unique_dim_customers_customer_id.15c9f1e2fd"} */
select
      count(*) as failures,
      count(*) != 0 as should_warn,
      count(*) != 0 as should_error
    from (
      
    
    

select
    customer_id as unique_field,
    count(*) as n_records

from DBT_DEMO.RAW_marts.dim_customers
where customer_id is not null
group by customer_id
having count(*) > 1



      
    ) dbt_internal_test
[0m07:48:48.061688 [debug] [Thread-3 (]: Opening a new connection, currently in state init
[0m07:48:48.071373 [debug] [Thread-2 (]: SQL status: SUCCESS 1 in 0.772 seconds
[0m07:48:48.073966 [info ] [Thread-2 (]: 11 of 20 PASS not_null_stg_products_product_id ................................. [[32mPASS[0m in 0.83s]
[0m07:48:48.074833 [debug] [Thread-2 (]: Finished running node test.dbt_demo.not_null_stg_products_product_id.6373b0acf3
[0m07:48:48.075771 [debug] [Thread-2 (]: Began running node test.dbt_demo.unique_fct_order_lines_order_item_id.c667711637
[0m07:48:48.076586 [info ] [Thread-2 (]: 15 of 20 START test unique_fct_order_lines_order_item_id ....................... [RUN]
[0m07:48:48.077332 [debug] [Thread-2 (]: Re-using an available connection from the pool (formerly test.dbt_demo.not_null_stg_products_product_id.6373b0acf3, now test.dbt_demo.unique_fct_order_lines_order_item_id.c667711637)
[0m07:48:48.077859 [debug] [Thread-2 (]: Began compiling node test.dbt_demo.unique_fct_order_lines_order_item_id.c667711637
[0m07:48:48.088044 [debug] [Thread-2 (]: Writing injected SQL for node "test.dbt_demo.unique_fct_order_lines_order_item_id.c667711637"
[0m07:48:48.089085 [debug] [Thread-4 (]: SQL status: SUCCESS 1 in 0.789 seconds
[0m07:48:48.099919 [info ] [Thread-4 (]: 12 of 20 PASS not_null_stg_products_unit_price ................................. [[32mPASS[0m in 0.85s]
[0m07:48:48.100767 [debug] [Thread-2 (]: Began executing node test.dbt_demo.unique_fct_order_lines_order_item_id.c667711637
[0m07:48:48.101542 [debug] [Thread-4 (]: Finished running node test.dbt_demo.not_null_stg_products_unit_price.0be67d1be2
[0m07:48:48.109663 [debug] [Thread-2 (]: Writing runtime sql for node "test.dbt_demo.unique_fct_order_lines_order_item_id.c667711637"
[0m07:48:48.110777 [debug] [Thread-4 (]: Began running node test.dbt_demo.unique_stg_customers_customer_id.c7614daada
[0m07:48:48.111961 [info ] [Thread-4 (]: 16 of 20 START test unique_stg_customers_customer_id ........................... [RUN]
[0m07:48:48.113226 [debug] [Thread-2 (]: Using snowflake connection "test.dbt_demo.unique_fct_order_lines_order_item_id.c667711637"
[0m07:48:48.113902 [debug] [Thread-4 (]: Re-using an available connection from the pool (formerly test.dbt_demo.not_null_stg_products_unit_price.0be67d1be2, now test.dbt_demo.unique_stg_customers_customer_id.c7614daada)
[0m07:48:48.114521 [debug] [Thread-2 (]: On test.dbt_demo.unique_fct_order_lines_order_item_id.c667711637: /* {"app": "dbt", "dbt_version": "1.9.4", "profile_name": "dbt_demo", "target_name": "dev", "node_id": "test.dbt_demo.unique_fct_order_lines_order_item_id.c667711637"} */
select
      count(*) as failures,
      count(*) != 0 as should_warn,
      count(*) != 0 as should_error
    from (
      
    
    

select
    order_item_id as unique_field,
    count(*) as n_records

from DBT_DEMO.RAW_marts.fct_order_lines
where order_item_id is not null
group by order_item_id
having count(*) > 1



      
    ) dbt_internal_test
[0m07:48:48.115138 [debug] [Thread-4 (]: Began compiling node test.dbt_demo.unique_stg_customers_customer_id.c7614daada
[0m07:48:48.115687 [debug] [Thread-2 (]: Opening a new connection, currently in state init
[0m07:48:48.126458 [debug] [Thread-4 (]: Writing injected SQL for node "test.dbt_demo.unique_stg_customers_customer_id.c7614daada"
[0m07:48:48.127537 [debug] [Thread-4 (]: Began executing node test.dbt_demo.unique_stg_customers_customer_id.c7614daada
[0m07:48:48.135394 [debug] [Thread-4 (]: Writing runtime sql for node "test.dbt_demo.unique_stg_customers_customer_id.c7614daada"
[0m07:48:48.136760 [debug] [Thread-4 (]: Using snowflake connection "test.dbt_demo.unique_stg_customers_customer_id.c7614daada"
[0m07:48:48.137343 [debug] [Thread-4 (]: On test.dbt_demo.unique_stg_customers_customer_id.c7614daada: /* {"app": "dbt", "dbt_version": "1.9.4", "profile_name": "dbt_demo", "target_name": "dev", "node_id": "test.dbt_demo.unique_stg_customers_customer_id.c7614daada"} */
select
      count(*) as failures,
      count(*) != 0 as should_warn,
      count(*) != 0 as should_error
    from (
      
    
    

select
    customer_id as unique_field,
    count(*) as n_records

from DBT_DEMO.RAW_staging.stg_customers
where customer_id is not null
group by customer_id
having count(*) > 1



      
    ) dbt_internal_test
[0m07:48:48.137854 [debug] [Thread-4 (]: Opening a new connection, currently in state init
[0m07:48:48.847712 [debug] [Thread-5 (]: SQL status: SUCCESS 1 in 0.851 seconds
[0m07:48:48.850387 [info ] [Thread-5 (]: 13 of 20 PASS relationships_stg_orders_customer_id__customer_id__ref_stg_customers_  [[32mPASS[0m in 0.88s]
[0m07:48:48.851262 [debug] [Thread-5 (]: Finished running node test.dbt_demo.relationships_stg_orders_customer_id__customer_id__ref_stg_customers_.430bf21500
[0m07:48:48.852228 [debug] [Thread-5 (]: Began running node test.dbt_demo.unique_stg_customers_email.1ebcb2333e
[0m07:48:48.853043 [info ] [Thread-5 (]: 17 of 20 START test unique_stg_customers_email ................................. [RUN]
[0m07:48:48.853736 [debug] [Thread-5 (]: Re-using an available connection from the pool (formerly test.dbt_demo.relationships_stg_orders_customer_id__customer_id__ref_stg_customers_.430bf21500, now test.dbt_demo.unique_stg_customers_email.1ebcb2333e)
[0m07:48:48.854284 [debug] [Thread-5 (]: Began compiling node test.dbt_demo.unique_stg_customers_email.1ebcb2333e
[0m07:48:48.863923 [debug] [Thread-5 (]: Writing injected SQL for node "test.dbt_demo.unique_stg_customers_email.1ebcb2333e"
[0m07:48:48.864751 [debug] [Thread-5 (]: Began executing node test.dbt_demo.unique_stg_customers_email.1ebcb2333e
[0m07:48:48.873402 [debug] [Thread-5 (]: Writing runtime sql for node "test.dbt_demo.unique_stg_customers_email.1ebcb2333e"
[0m07:48:48.874703 [debug] [Thread-5 (]: Using snowflake connection "test.dbt_demo.unique_stg_customers_email.1ebcb2333e"
[0m07:48:48.875298 [debug] [Thread-5 (]: On test.dbt_demo.unique_stg_customers_email.1ebcb2333e: /* {"app": "dbt", "dbt_version": "1.9.4", "profile_name": "dbt_demo", "target_name": "dev", "node_id": "test.dbt_demo.unique_stg_customers_email.1ebcb2333e"} */
select
      count(*) as failures,
      count(*) != 0 as should_warn,
      count(*) != 0 as should_error
    from (
      
    
    

select
    email as unique_field,
    count(*) as n_records

from DBT_DEMO.RAW_staging.stg_customers
where email is not null
group by email
having count(*) > 1



      
    ) dbt_internal_test
[0m07:48:48.875850 [debug] [Thread-5 (]: Opening a new connection, currently in state init
[0m07:48:48.897106 [debug] [Thread-3 (]: SQL status: SUCCESS 1 in 0.835 seconds
[0m07:48:48.899738 [info ] [Thread-3 (]: 14 of 20 PASS unique_dim_customers_customer_id ................................. [[32mPASS[0m in 0.86s]
[0m07:48:48.900574 [debug] [Thread-3 (]: Finished running node test.dbt_demo.unique_dim_customers_customer_id.15c9f1e2fd
[0m07:48:48.901492 [debug] [Thread-3 (]: Began running node test.dbt_demo.unique_stg_order_items_order_item_id.90e333a108
[0m07:48:48.902222 [info ] [Thread-3 (]: 18 of 20 START test unique_stg_order_items_order_item_id ....................... [RUN]
[0m07:48:48.902919 [debug] [Thread-3 (]: Re-using an available connection from the pool (formerly test.dbt_demo.unique_dim_customers_customer_id.15c9f1e2fd, now test.dbt_demo.unique_stg_order_items_order_item_id.90e333a108)
[0m07:48:48.903428 [debug] [Thread-3 (]: Began compiling node test.dbt_demo.unique_stg_order_items_order_item_id.90e333a108
[0m07:48:48.913073 [debug] [Thread-3 (]: Writing injected SQL for node "test.dbt_demo.unique_stg_order_items_order_item_id.90e333a108"
[0m07:48:48.913860 [debug] [Thread-3 (]: Began executing node test.dbt_demo.unique_stg_order_items_order_item_id.90e333a108
[0m07:48:48.922448 [debug] [Thread-3 (]: Writing runtime sql for node "test.dbt_demo.unique_stg_order_items_order_item_id.90e333a108"
[0m07:48:48.924742 [debug] [Thread-3 (]: Using snowflake connection "test.dbt_demo.unique_stg_order_items_order_item_id.90e333a108"
[0m07:48:48.925385 [debug] [Thread-3 (]: On test.dbt_demo.unique_stg_order_items_order_item_id.90e333a108: /* {"app": "dbt", "dbt_version": "1.9.4", "profile_name": "dbt_demo", "target_name": "dev", "node_id": "test.dbt_demo.unique_stg_order_items_order_item_id.90e333a108"} */
select
      count(*) as failures,
      count(*) != 0 as should_warn,
      count(*) != 0 as should_error
    from (
      
    
    

select
    order_item_id as unique_field,
    count(*) as n_records

from DBT_DEMO.RAW_staging.stg_order_items
where order_item_id is not null
group by order_item_id
having count(*) > 1



      
    ) dbt_internal_test
[0m07:48:48.925922 [debug] [Thread-3 (]: Opening a new connection, currently in state init
[0m07:48:48.952062 [debug] [Thread-2 (]: SQL status: SUCCESS 1 in 0.836 seconds
[0m07:48:48.954746 [info ] [Thread-2 (]: 15 of 20 PASS unique_fct_order_lines_order_item_id ............................. [[32mPASS[0m in 0.88s]
[0m07:48:48.955645 [debug] [Thread-2 (]: Finished running node test.dbt_demo.unique_fct_order_lines_order_item_id.c667711637
[0m07:48:48.956665 [debug] [Thread-2 (]: Began running node test.dbt_demo.unique_stg_orders_order_id.e3b841c71a
[0m07:48:48.957522 [info ] [Thread-2 (]: 19 of 20 START test unique_stg_orders_order_id ................................. [RUN]
[0m07:48:48.958306 [debug] [Thread-2 (]: Re-using an available connection from the pool (formerly test.dbt_demo.unique_fct_order_lines_order_item_id.c667711637, now test.dbt_demo.unique_stg_orders_order_id.e3b841c71a)
[0m07:48:48.958836 [debug] [Thread-2 (]: Began compiling node test.dbt_demo.unique_stg_orders_order_id.e3b841c71a
[0m07:48:48.968534 [debug] [Thread-2 (]: Writing injected SQL for node "test.dbt_demo.unique_stg_orders_order_id.e3b841c71a"
[0m07:48:48.977298 [debug] [Thread-2 (]: Began executing node test.dbt_demo.unique_stg_orders_order_id.e3b841c71a
[0m07:48:48.986523 [debug] [Thread-2 (]: Writing runtime sql for node "test.dbt_demo.unique_stg_orders_order_id.e3b841c71a"
[0m07:48:48.987823 [debug] [Thread-2 (]: Using snowflake connection "test.dbt_demo.unique_stg_orders_order_id.e3b841c71a"
[0m07:48:48.988448 [debug] [Thread-2 (]: On test.dbt_demo.unique_stg_orders_order_id.e3b841c71a: /* {"app": "dbt", "dbt_version": "1.9.4", "profile_name": "dbt_demo", "target_name": "dev", "node_id": "test.dbt_demo.unique_stg_orders_order_id.e3b841c71a"} */
select
      count(*) as failures,
      count(*) != 0 as should_warn,
      count(*) != 0 as should_error
    from (
      
    
    

select
    order_id as unique_field,
    count(*) as n_records

from DBT_DEMO.RAW_staging.stg_orders
where order_id is not null
group by order_id
having count(*) > 1



      
    ) dbt_internal_test
[0m07:48:48.989009 [debug] [Thread-2 (]: Opening a new connection, currently in state init
[0m07:48:48.993544 [debug] [Thread-4 (]: SQL status: SUCCESS 1 in 0.856 seconds
[0m07:48:48.996079 [info ] [Thread-4 (]: 16 of 20 PASS unique_stg_customers_customer_id ................................. [[32mPASS[0m in 0.88s]
[0m07:48:48.996933 [debug] [Thread-4 (]: Finished running node test.dbt_demo.unique_stg_customers_customer_id.c7614daada
[0m07:48:48.997908 [debug] [Thread-4 (]: Began running node test.dbt_demo.unique_stg_products_product_id.7d950a1467
[0m07:48:48.998704 [info ] [Thread-4 (]: 20 of 20 START test unique_stg_products_product_id ............................. [RUN]
[0m07:48:48.999416 [debug] [Thread-4 (]: Re-using an available connection from the pool (formerly test.dbt_demo.unique_stg_customers_customer_id.c7614daada, now test.dbt_demo.unique_stg_products_product_id.7d950a1467)
[0m07:48:48.999954 [debug] [Thread-4 (]: Began compiling node test.dbt_demo.unique_stg_products_product_id.7d950a1467
[0m07:48:49.009508 [debug] [Thread-4 (]: Writing injected SQL for node "test.dbt_demo.unique_stg_products_product_id.7d950a1467"
[0m07:48:49.010305 [debug] [Thread-4 (]: Began executing node test.dbt_demo.unique_stg_products_product_id.7d950a1467
[0m07:48:49.019057 [debug] [Thread-4 (]: Writing runtime sql for node "test.dbt_demo.unique_stg_products_product_id.7d950a1467"
[0m07:48:49.027630 [debug] [Thread-4 (]: Using snowflake connection "test.dbt_demo.unique_stg_products_product_id.7d950a1467"
[0m07:48:49.028283 [debug] [Thread-4 (]: On test.dbt_demo.unique_stg_products_product_id.7d950a1467: /* {"app": "dbt", "dbt_version": "1.9.4", "profile_name": "dbt_demo", "target_name": "dev", "node_id": "test.dbt_demo.unique_stg_products_product_id.7d950a1467"} */
select
      count(*) as failures,
      count(*) != 0 as should_warn,
      count(*) != 0 as should_error
    from (
      
    
    

select
    product_id as unique_field,
    count(*) as n_records

from DBT_DEMO.RAW_staging.stg_products
where product_id is not null
group by product_id
having count(*) > 1



      
    ) dbt_internal_test
[0m07:48:49.028863 [debug] [Thread-4 (]: Opening a new connection, currently in state init
[0m07:48:49.792982 [debug] [Thread-5 (]: SQL status: SUCCESS 1 in 0.917 seconds
[0m07:48:49.795738 [info ] [Thread-5 (]: 17 of 20 PASS unique_stg_customers_email ....................................... [[32mPASS[0m in 0.94s]
[0m07:48:49.796615 [debug] [Thread-5 (]: Finished running node test.dbt_demo.unique_stg_customers_email.1ebcb2333e
[0m07:48:49.806095 [debug] [Thread-2 (]: SQL status: SUCCESS 1 in 0.817 seconds
[0m07:48:49.808794 [info ] [Thread-2 (]: 19 of 20 PASS unique_stg_orders_order_id ....................................... [[32mPASS[0m in 0.85s]
[0m07:48:49.809608 [debug] [Thread-2 (]: Finished running node test.dbt_demo.unique_stg_orders_order_id.e3b841c71a
[0m07:48:49.823607 [debug] [Thread-3 (]: SQL status: SUCCESS 1 in 0.898 seconds
[0m07:48:49.826196 [info ] [Thread-3 (]: 18 of 20 PASS unique_stg_order_items_order_item_id ............................. [[32mPASS[0m in 0.92s]
[0m07:48:49.827036 [debug] [Thread-3 (]: Finished running node test.dbt_demo.unique_stg_order_items_order_item_id.90e333a108
[0m07:48:49.972475 [debug] [Thread-4 (]: SQL status: SUCCESS 1 in 0.943 seconds
[0m07:48:49.975106 [info ] [Thread-4 (]: 20 of 20 PASS unique_stg_products_product_id ................................... [[32mPASS[0m in 0.98s]
[0m07:48:49.975929 [debug] [Thread-4 (]: Finished running node test.dbt_demo.unique_stg_products_product_id.7d950a1467
[0m07:48:49.979128 [debug] [Dummy-1   ]: Connection 'master' was properly closed.
[0m07:48:49.980124 [debug] [Dummy-1   ]: Connection 'test.dbt_demo.unique_stg_orders_order_id.e3b841c71a' was properly closed.
[0m07:48:49.980722 [debug] [Dummy-1   ]: Connection 'test.dbt_demo.unique_stg_order_items_order_item_id.90e333a108' was properly closed.
[0m07:48:49.981228 [debug] [Dummy-1   ]: Connection 'test.dbt_demo.unique_stg_products_product_id.7d950a1467' was properly closed.
[0m07:48:49.981718 [debug] [Dummy-1   ]: Connection 'test.dbt_demo.unique_stg_customers_email.1ebcb2333e' was properly closed.
[0m07:48:49.982459 [info ] [Dummy-1   ]: 
[0m07:48:49.983164 [info ] [Dummy-1   ]: Finished running 20 data tests in 0 hours 0 minutes and 6.32 seconds (6.32s).
[0m07:48:49.986275 [debug] [Dummy-1   ]: Command end result
[0m07:48:50.012697 [debug] [Dummy-1   ]: Wrote artifact WritableManifest to /tmp/dbt/target/manifest.json
[0m07:48:50.014901 [debug] [Dummy-1   ]: Wrote artifact SemanticManifest to /tmp/dbt/target/semantic_manifest.json
[0m07:48:50.022964 [debug] [Dummy-1   ]: Wrote artifact RunExecutionResult to /tmp/dbt/target/run_results.json
[0m07:48:50.023656 [info ] [Dummy-1   ]: 
[0m07:48:50.024392 [info ] [Dummy-1   ]: [32mCompleted successfully[0m
[0m07:48:50.025057 [info ] [Dummy-1   ]: 
[0m07:48:50.025683 [info ] [Dummy-1   ]: Done. PASS=20 WARN=0 ERROR=0 SKIP=0 TOTAL=20
[0m07:48:50.027969 [debug] [Dummy-1   ]: Resource report: {"command_name": "test", "command_success": true, "command_wall_clock_time": 7.2581487, "process_in_blocks": "0", "process_kernel_time": 0.88, "process_mem_max_rss": "461572", "process_out_blocks": "0", "process_user_time": 5.21}
[0m07:48:50.028667 [debug] [Dummy-1   ]: Command `cli test` succeeded at 07:48:50.028396 after 7.26 seconds
[0m07:48:50.029219 [debug] [Dummy-1   ]: Flushing usage events


============================== 07:50:13.447170 | 3210ea17-61ce-42ad-9180-3e95555e114b ==============================
[0m07:50:13.447170 [info ] [Dummy-1   ]: Running with dbt=1.9.4
[0m07:50:13.448328 [debug] [Dummy-1   ]: running dbt with arguments {'printer_width': '80', 'indirect_selection': 'eager', 'write_json': 'True', 'log_cache_events': 'False', 'partial_parse': 'True', 'cache_selected_only': 'False', 'warn_error': 'None', 'fail_fast': 'False', 'version_check': 'True', 'log_path': '/tmp/dbt/logs', 'debug': 'False', 'profiles_dir': '/tmp/dbt/', 'use_colors': 'True', 'use_experimental_parser': 'False', 'no_print': 'None', 'quiet': 'False', 'empty': 'False', 'log_format': 'default', 'static_parser': 'True', 'warn_error_options': 'WarnErrorOptions(include=[], exclude=[])', 'introspect': 'True', 'target_path': '/tmp/dbt/target/', 'invocation_command': 'dbt ', 'send_anonymous_usage_stats': 'False'}
[0m07:50:13.758882 [info ] [Dummy-1   ]: Registered adapter: snowflake=1.9.2
[0m07:50:13.807905 [debug] [Dummy-1   ]: checksum: 53ed91fada2233efb98368d1716b44ab532c83a9c293cf1890b7905d5b45fb25, vars: {}, profile: , target: dev, version: 1.9.4
[0m07:50:14.094473 [debug] [Dummy-1   ]: Partial parsing enabled: 0 files deleted, 0 files added, 0 files changed.
[0m07:50:14.095149 [debug] [Dummy-1   ]: Partial parsing enabled, no changes found, skipping parsing
[0m07:50:14.255135 [debug] [Dummy-1   ]: Wrote artifact WritableManifest to /tmp/dbt/target/manifest.json
[0m07:50:14.257458 [debug] [Dummy-1   ]: Wrote artifact SemanticManifest to /tmp/dbt/target/semantic_manifest.json
[0m07:50:14.306743 [info ] [Dummy-1   ]: Found 6 models, 20 data tests, 4 sources, 474 macros
[0m07:50:14.309918 [info ] [Dummy-1   ]: 
[0m07:50:14.310720 [info ] [Dummy-1   ]: Concurrency: 4 threads (target='dev')
[0m07:50:14.311338 [info ] [Dummy-1   ]: 
[0m07:50:14.312200 [debug] [Dummy-1   ]: Acquiring new snowflake connection 'master'
[0m07:50:14.318638 [debug] [ThreadPool]: Acquiring new snowflake connection 'list_DBT_DEMO'
[0m07:50:14.319901 [debug] [ThreadPool]: Acquiring new snowflake connection 'list_DBT_DEMO'
[0m07:50:14.419799 [debug] [ThreadPool]: Using snowflake connection "list_DBT_DEMO"
[0m07:50:14.420607 [debug] [ThreadPool]: Using snowflake connection "list_DBT_DEMO"
[0m07:50:14.421249 [debug] [ThreadPool]: On list_DBT_DEMO: /* {"app": "dbt", "dbt_version": "1.9.4", "profile_name": "dbt_demo", "target_name": "dev", "connection_name": "list_DBT_DEMO"} */
show terse schemas in database DBT_DEMO
    limit 10000
[0m07:50:14.421843 [debug] [ThreadPool]: On list_DBT_DEMO: /* {"app": "dbt", "dbt_version": "1.9.4", "profile_name": "dbt_demo", "target_name": "dev", "connection_name": "list_DBT_DEMO"} */
show terse schemas in database DBT_DEMO
    limit 10000
[0m07:50:14.422356 [debug] [ThreadPool]: Opening a new connection, currently in state init
[0m07:50:14.422817 [debug] [ThreadPool]: Opening a new connection, currently in state init
[0m07:50:15.191432 [debug] [ThreadPool]: SQL status: SUCCESS 5 in 0.769 seconds
[0m07:50:15.249392 [debug] [ThreadPool]: SQL status: SUCCESS 5 in 0.826 seconds
[0m07:50:15.253482 [debug] [ThreadPool]: Re-using an available connection from the pool (formerly list_DBT_DEMO, now list_DBT_DEMO_RAW_staging)
[0m07:50:15.254612 [debug] [ThreadPool]: Re-using an available connection from the pool (formerly list_DBT_DEMO, now list_DBT_DEMO_RAW_marts)
[0m07:50:15.272396 [debug] [ThreadPool]: Using snowflake connection "list_DBT_DEMO_RAW_staging"
[0m07:50:15.281406 [debug] [ThreadPool]: Using snowflake connection "list_DBT_DEMO_RAW_marts"
[0m07:50:15.282054 [debug] [ThreadPool]: On list_DBT_DEMO_RAW_staging: /* {"app": "dbt", "dbt_version": "1.9.4", "profile_name": "dbt_demo", "target_name": "dev", "connection_name": "list_DBT_DEMO_RAW_staging"} */
alter session set quoted_identifiers_ignore_case = false;
[0m07:50:15.282591 [debug] [ThreadPool]: On list_DBT_DEMO_RAW_marts: /* {"app": "dbt", "dbt_version": "1.9.4", "profile_name": "dbt_demo", "target_name": "dev", "connection_name": "list_DBT_DEMO_RAW_marts"} */
alter session set quoted_identifiers_ignore_case = false;
[0m07:50:15.283303 [debug] [ThreadPool]: Opening a new connection, currently in state init
[0m07:50:15.283801 [debug] [ThreadPool]: Opening a new connection, currently in state init
[0m07:50:16.072974 [debug] [ThreadPool]: SQL status: SUCCESS 1 in 0.790 seconds
[0m07:50:16.078116 [debug] [ThreadPool]: Using snowflake connection "list_DBT_DEMO_RAW_staging"
[0m07:50:16.078726 [debug] [ThreadPool]: On list_DBT_DEMO_RAW_staging: /* {"app": "dbt", "dbt_version": "1.9.4", "profile_name": "dbt_demo", "target_name": "dev", "connection_name": "list_DBT_DEMO_RAW_staging"} */
show objects in DBT_DEMO.RAW_staging
    limit 10000
    
;
[0m07:50:16.174633 [debug] [ThreadPool]: SQL status: SUCCESS 1 in 0.891 seconds
[0m07:50:16.176776 [debug] [ThreadPool]: Using snowflake connection "list_DBT_DEMO_RAW_marts"
[0m07:50:16.177370 [debug] [ThreadPool]: On list_DBT_DEMO_RAW_marts: /* {"app": "dbt", "dbt_version": "1.9.4", "profile_name": "dbt_demo", "target_name": "dev", "connection_name": "list_DBT_DEMO_RAW_marts"} */
show objects in DBT_DEMO.RAW_marts
    limit 10000
    
;
[0m07:50:16.242647 [debug] [ThreadPool]: SQL status: SUCCESS 4 in 0.163 seconds
[0m07:50:16.244929 [debug] [ThreadPool]: Using snowflake connection "list_DBT_DEMO_RAW_staging"
[0m07:50:16.245468 [debug] [ThreadPool]: On list_DBT_DEMO_RAW_staging: /* {"app": "dbt", "dbt_version": "1.9.4", "profile_name": "dbt_demo", "target_name": "dev", "connection_name": "list_DBT_DEMO_RAW_staging"} */
alter session unset quoted_identifiers_ignore_case;
[0m07:50:16.346621 [debug] [ThreadPool]: SQL status: SUCCESS 2 in 0.169 seconds
[0m07:50:16.348923 [debug] [ThreadPool]: Using snowflake connection "list_DBT_DEMO_RAW_marts"
[0m07:50:16.349504 [debug] [ThreadPool]: On list_DBT_DEMO_RAW_marts: /* {"app": "dbt", "dbt_version": "1.9.4", "profile_name": "dbt_demo", "target_name": "dev", "connection_name": "list_DBT_DEMO_RAW_marts"} */
alter session unset quoted_identifiers_ignore_case;
[0m07:50:16.415570 [debug] [ThreadPool]: SQL status: SUCCESS 1 in 0.169 seconds
[0m07:50:16.491031 [debug] [ThreadPool]: SQL status: SUCCESS 1 in 0.141 seconds
[0m07:50:16.500573 [debug] [Thread-2 (]: Began running node model.dbt_demo.stg_customers
[0m07:50:16.501786 [debug] [Thread-3 (]: Began running node model.dbt_demo.stg_order_items
[0m07:50:16.502507 [debug] [Thread-4 (]: Began running node model.dbt_demo.stg_orders
[0m07:50:16.503197 [debug] [Thread-5 (]: Began running node model.dbt_demo.stg_products
[0m07:50:16.504114 [info ] [Thread-2 (]: 1 of 6 START sql view model RAW_staging.stg_customers .......................... [RUN]
[0m07:50:16.505041 [info ] [Thread-3 (]: 2 of 6 START sql view model RAW_staging.stg_order_items ........................ [RUN]
[0m07:50:16.505938 [info ] [Thread-4 (]: 3 of 6 START sql view model RAW_staging.stg_orders ............................. [RUN]
[0m07:50:16.506811 [info ] [Thread-5 (]: 4 of 6 START sql view model RAW_staging.stg_products ........................... [RUN]
[0m07:50:16.507538 [debug] [Thread-2 (]: Re-using an available connection from the pool (formerly list_DBT_DEMO_RAW_marts, now model.dbt_demo.stg_customers)
[0m07:50:16.508347 [debug] [Thread-3 (]: Re-using an available connection from the pool (formerly list_DBT_DEMO_RAW_staging, now model.dbt_demo.stg_order_items)
[0m07:50:16.509130 [debug] [Thread-4 (]: Acquiring new snowflake connection 'model.dbt_demo.stg_orders'
[0m07:50:16.509794 [debug] [Thread-5 (]: Acquiring new snowflake connection 'model.dbt_demo.stg_products'
[0m07:50:16.510311 [debug] [Thread-2 (]: Began compiling node model.dbt_demo.stg_customers
[0m07:50:16.510807 [debug] [Thread-3 (]: Began compiling node model.dbt_demo.stg_order_items
[0m07:50:16.511312 [debug] [Thread-4 (]: Began compiling node model.dbt_demo.stg_orders
[0m07:50:16.511780 [debug] [Thread-5 (]: Began compiling node model.dbt_demo.stg_products
[0m07:50:16.524546 [debug] [Thread-2 (]: Writing injected SQL for node "model.dbt_demo.stg_customers"
[0m07:50:16.534172 [debug] [Thread-3 (]: Writing injected SQL for node "model.dbt_demo.stg_order_items"
[0m07:50:16.542833 [debug] [Thread-4 (]: Writing injected SQL for node "model.dbt_demo.stg_orders"
[0m07:50:16.552371 [debug] [Thread-5 (]: Writing injected SQL for node "model.dbt_demo.stg_products"
[0m07:50:16.553559 [debug] [Thread-2 (]: Began executing node model.dbt_demo.stg_customers
[0m07:50:16.554437 [debug] [Thread-3 (]: Began executing node model.dbt_demo.stg_order_items
[0m07:50:16.555355 [debug] [Thread-4 (]: Began executing node model.dbt_demo.stg_orders
[0m07:50:16.572932 [debug] [Thread-5 (]: Began executing node model.dbt_demo.stg_products
[0m07:50:16.602396 [debug] [Thread-2 (]: Writing runtime sql for node "model.dbt_demo.stg_customers"
[0m07:50:16.611789 [debug] [Thread-3 (]: Writing runtime sql for node "model.dbt_demo.stg_order_items"
[0m07:50:16.620239 [debug] [Thread-4 (]: Writing runtime sql for node "model.dbt_demo.stg_orders"
[0m07:50:16.629500 [debug] [Thread-5 (]: Writing runtime sql for node "model.dbt_demo.stg_products"
[0m07:50:16.631233 [debug] [Thread-2 (]: Using snowflake connection "model.dbt_demo.stg_customers"
[0m07:50:16.632514 [debug] [Thread-3 (]: Using snowflake connection "model.dbt_demo.stg_order_items"
[0m07:50:16.633888 [debug] [Thread-4 (]: Using snowflake connection "model.dbt_demo.stg_orders"
[0m07:50:16.634614 [debug] [Thread-2 (]: On model.dbt_demo.stg_customers: /* {"app": "dbt", "dbt_version": "1.9.4", "profile_name": "dbt_demo", "target_name": "dev", "node_id": "model.dbt_demo.stg_customers"} */
create or replace   view DBT_DEMO.RAW_staging.stg_customers
  
   as (
    with source as (
    select * from DBT_DEMO.RAW.customers
),

renamed as (
    select
        customer_id,
        first_name,
        last_name,
        first_name || ' ' || last_name as full_name,
        email,
        country,
        created_at as customer_created_at
    from source
)

select * from renamed
  );
[0m07:50:16.635678 [debug] [Thread-5 (]: Using snowflake connection "model.dbt_demo.stg_products"
[0m07:50:16.636261 [debug] [Thread-3 (]: On model.dbt_demo.stg_order_items: /* {"app": "dbt", "dbt_version": "1.9.4", "profile_name": "dbt_demo", "target_name": "dev", "node_id": "model.dbt_demo.stg_order_items"} */
create or replace   view DBT_DEMO.RAW_staging.stg_order_items
  
   as (
    with source as (
    select * from DBT_DEMO.RAW.order_items
),

renamed as (
    select
        order_item_id,
        order_id,
        product_id,
        quantity
    from source
)

select * from renamed
  );
[0m07:50:16.636862 [debug] [Thread-4 (]: On model.dbt_demo.stg_orders: /* {"app": "dbt", "dbt_version": "1.9.4", "profile_name": "dbt_demo", "target_name": "dev", "node_id": "model.dbt_demo.stg_orders"} */
create or replace   view DBT_DEMO.RAW_staging.stg_orders
  
   as (
    with source as (
    select * from DBT_DEMO.RAW.orders
),

renamed as (
    select
        order_id,
        customer_id,
        order_date,
        status as order_status
    from source
)

select * from renamed
  );
[0m07:50:16.637446 [debug] [Thread-2 (]: Opening a new connection, currently in state init
[0m07:50:16.637963 [debug] [Thread-5 (]: On model.dbt_demo.stg_products: /* {"app": "dbt", "dbt_version": "1.9.4", "profile_name": "dbt_demo", "target_name": "dev", "node_id": "model.dbt_demo.stg_products"} */
create or replace   view DBT_DEMO.RAW_staging.stg_products
  
   as (
    with source as (
    select * from DBT_DEMO.RAW.products
),

renamed as (
    select
        product_id,
        product_name,
        category,
        price as unit_price
    from source
)

select * from renamed
  );
[0m07:50:16.638589 [debug] [Thread-3 (]: Opening a new connection, currently in state init
[0m07:50:16.639115 [debug] [Thread-4 (]: Opening a new connection, currently in state init
[0m07:50:16.639800 [debug] [Thread-5 (]: Opening a new connection, currently in state init
[0m07:50:17.727865 [debug] [Thread-2 (]: SQL status: SUCCESS 1 in 1.090 seconds
[0m07:50:17.749556 [debug] [Thread-4 (]: SQL status: SUCCESS 1 in 1.110 seconds
[0m07:50:17.761438 [info ] [Thread-2 (]: 1 of 6 OK created sql view model RAW_staging.stg_customers ..................... [[32mSUCCESS 1[0m in 1.25s]
[0m07:50:17.762405 [info ] [Thread-4 (]: 3 of 6 OK created sql view model RAW_staging.stg_orders ........................ [[32mSUCCESS 1[0m in 1.25s]
[0m07:50:17.763267 [debug] [Thread-2 (]: Finished running node model.dbt_demo.stg_customers
[0m07:50:17.764021 [debug] [Thread-4 (]: Finished running node model.dbt_demo.stg_orders
[0m07:50:17.784557 [debug] [Thread-3 (]: SQL status: SUCCESS 1 in 1.146 seconds
[0m07:50:17.787861 [info ] [Thread-3 (]: 2 of 6 OK created sql view model RAW_staging.stg_order_items ................... [[32mSUCCESS 1[0m in 1.28s]
[0m07:50:17.788826 [debug] [Thread-3 (]: Finished running node model.dbt_demo.stg_order_items
[0m07:50:17.814826 [debug] [Thread-5 (]: SQL status: SUCCESS 1 in 1.175 seconds
[0m07:50:17.818218 [info ] [Thread-5 (]: 4 of 6 OK created sql view model RAW_staging.stg_products ...................... [[32mSUCCESS 1[0m in 1.31s]
[0m07:50:17.819066 [debug] [Thread-5 (]: Finished running node model.dbt_demo.stg_products
[0m07:50:17.820826 [debug] [Thread-2 (]: Began running node model.dbt_demo.dim_customers
[0m07:50:17.821530 [debug] [Thread-4 (]: Began running node model.dbt_demo.fct_order_lines
[0m07:50:17.822565 [info ] [Thread-2 (]: 5 of 6 START sql table model RAW_marts.dim_customers ........................... [RUN]
[0m07:50:17.823528 [info ] [Thread-4 (]: 6 of 6 START sql table model RAW_marts.fct_order_lines ......................... [RUN]
[0m07:50:17.824792 [debug] [Thread-2 (]: Re-using an available connection from the pool (formerly model.dbt_demo.stg_customers, now model.dbt_demo.dim_customers)
[0m07:50:17.825493 [debug] [Thread-4 (]: Re-using an available connection from the pool (formerly model.dbt_demo.stg_orders, now model.dbt_demo.fct_order_lines)
[0m07:50:17.826078 [debug] [Thread-2 (]: Began compiling node model.dbt_demo.dim_customers
[0m07:50:17.826616 [debug] [Thread-4 (]: Began compiling node model.dbt_demo.fct_order_lines
[0m07:50:17.836034 [debug] [Thread-2 (]: Writing injected SQL for node "model.dbt_demo.dim_customers"
[0m07:50:17.846243 [debug] [Thread-4 (]: Writing injected SQL for node "model.dbt_demo.fct_order_lines"
[0m07:50:17.847438 [debug] [Thread-2 (]: Began executing node model.dbt_demo.dim_customers
[0m07:50:17.848297 [debug] [Thread-4 (]: Began executing node model.dbt_demo.fct_order_lines
[0m07:50:17.879368 [debug] [Thread-2 (]: Writing runtime sql for node "model.dbt_demo.dim_customers"
[0m07:50:17.975617 [debug] [Thread-4 (]: Writing runtime sql for node "model.dbt_demo.fct_order_lines"
[0m07:50:17.978218 [debug] [Thread-2 (]: Using snowflake connection "model.dbt_demo.dim_customers"
[0m07:50:17.979874 [debug] [Thread-4 (]: Using snowflake connection "model.dbt_demo.fct_order_lines"
[0m07:50:17.980557 [debug] [Thread-2 (]: On model.dbt_demo.dim_customers: /* {"app": "dbt", "dbt_version": "1.9.4", "profile_name": "dbt_demo", "target_name": "dev", "node_id": "model.dbt_demo.dim_customers"} */
create or replace transient table DBT_DEMO.RAW_marts.dim_customers
         as
        (with customers as (
    select * from DBT_DEMO.RAW_staging.stg_customers
),

orders as (
    select * from DBT_DEMO.RAW_staging.stg_orders
),

order_items as (
    select * from DBT_DEMO.RAW_staging.stg_order_items
),

products as (
    select * from DBT_DEMO.RAW_staging.stg_products
),

order_totals as (
    select
        o.order_id,
        o.customer_id,
        o.order_date,
        o.order_status,
        sum(oi.quantity * p.unit_price) as order_total
    from orders o
    join order_items oi on o.order_id = oi.order_id
    join products p on oi.product_id = p.product_id
    group by 1, 2, 3, 4
),

customer_metrics as (
    select
        c.customer_id,
        c.full_name,
        c.email,
        c.country,
        c.customer_created_at,
        count(distinct ot.order_id) as total_orders,
        coalesce(sum(ot.order_total), 0) as lifetime_value,
        min(ot.order_date) as first_order_date,
        max(ot.order_date) as last_order_date
    from customers c
    left join order_totals ot on c.customer_id = ot.customer_id
    group by 1, 2, 3, 4, 5
)

select * from customer_metrics
        );
[0m07:50:17.981245 [debug] [Thread-4 (]: On model.dbt_demo.fct_order_lines: /* {"app": "dbt", "dbt_version": "1.9.4", "profile_name": "dbt_demo", "target_name": "dev", "node_id": "model.dbt_demo.fct_order_lines"} */
create or replace transient table DBT_DEMO.RAW_marts.fct_order_lines
         as
        (with orders as (
    select * from DBT_DEMO.RAW_staging.stg_orders
),

order_items as (
    select * from DBT_DEMO.RAW_staging.stg_order_items
),

products as (
    select * from DBT_DEMO.RAW_staging.stg_products
),

final as (
    select
        oi.order_item_id,
        o.order_id,
        o.customer_id,
        o.order_date,
        o.order_status,
        oi.product_id,
        p.product_name,
        p.category,
        oi.quantity,
        p.unit_price,
        oi.quantity * p.unit_price as line_total
    from orders o
    join order_items oi on o.order_id = oi.order_id
    join products p on oi.product_id = p.product_id
)

select * from final
        );
[0m07:50:17.981869 [debug] [Thread-2 (]: Opening a new connection, currently in state init
[0m07:50:17.982432 [debug] [Thread-4 (]: Opening a new connection, currently in state init
[0m07:50:20.507147 [debug] [Thread-4 (]: SQL status: SUCCESS 1 in 2.525 seconds
[0m07:50:20.510917 [info ] [Thread-4 (]: 6 of 6 OK created sql table model RAW_marts.fct_order_lines .................... [[32mSUCCESS 1[0m in 2.69s]
[0m07:50:20.511752 [debug] [Thread-4 (]: Finished running node model.dbt_demo.fct_order_lines
[0m07:50:20.518466 [debug] [Thread-2 (]: SQL status: SUCCESS 1 in 2.536 seconds
[0m07:50:20.521704 [info ] [Thread-2 (]: 5 of 6 OK created sql table model RAW_marts.dim_customers ...................... [[32mSUCCESS 1[0m in 2.70s]
[0m07:50:20.522606 [debug] [Thread-2 (]: Finished running node model.dbt_demo.dim_customers
[0m07:50:20.526351 [debug] [Dummy-1   ]: Connection 'master' was properly closed.
[0m07:50:20.527008 [debug] [Dummy-1   ]: Connection 'model.dbt_demo.dim_customers' was properly closed.
[0m07:50:20.527481 [debug] [Dummy-1   ]: Connection 'model.dbt_demo.stg_order_items' was properly closed.
[0m07:50:20.527894 [debug] [Dummy-1   ]: Connection 'model.dbt_demo.fct_order_lines' was properly closed.
[0m07:50:20.528420 [debug] [Dummy-1   ]: Connection 'model.dbt_demo.stg_products' was properly closed.
[0m07:50:20.529128 [info ] [Dummy-1   ]: 
[0m07:50:20.529763 [info ] [Dummy-1   ]: Finished running 2 table models, 4 view models in 0 hours 0 minutes and 6.22 seconds (6.22s).
[0m07:50:20.531205 [debug] [Dummy-1   ]: Command end result
[0m07:50:20.558435 [debug] [Dummy-1   ]: Wrote artifact WritableManifest to /tmp/dbt/target/manifest.json
[0m07:50:20.560633 [debug] [Dummy-1   ]: Wrote artifact SemanticManifest to /tmp/dbt/target/semantic_manifest.json
[0m07:50:20.567352 [debug] [Dummy-1   ]: Wrote artifact RunExecutionResult to /tmp/dbt/target/run_results.json
[0m07:50:20.568114 [info ] [Dummy-1   ]: 
[0m07:50:20.568928 [info ] [Dummy-1   ]: [32mCompleted successfully[0m
[0m07:50:20.569539 [info ] [Dummy-1   ]: 
[0m07:50:20.570146 [info ] [Dummy-1   ]: Done. PASS=6 WARN=0 ERROR=0 SKIP=0 TOTAL=6
[0m07:50:20.572670 [debug] [Dummy-1   ]: Resource report: {"command_name": "run", "command_success": true, "command_wall_clock_time": 7.207858, "process_in_blocks": "0", "process_kernel_time": 0.95, "process_mem_max_rss": "466524", "process_out_blocks": "0", "process_user_time": 4.91}
[0m07:50:20.573388 [debug] [Dummy-1   ]: Command `cli run` succeeded at 07:50:20.573106 after 7.21 seconds
[0m07:50:20.573948 [debug] [Dummy-1   ]: Flushing usage events


============================== 08:02:15.398533 | 01ebab58-b0ba-4e80-b095-b166ed1b2f45 ==============================
[0m08:02:15.398533 [info ] [Dummy-1   ]: Running with dbt=1.9.4
[0m08:02:15.399509 [debug] [Dummy-1   ]: running dbt with arguments {'printer_width': '80', 'indirect_selection': 'eager', 'log_cache_events': 'False', 'write_json': 'True', 'partial_parse': 'True', 'cache_selected_only': 'False', 'profiles_dir': '/tmp/dbt/', 'debug': 'False', 'fail_fast': 'False', 'log_path': '/tmp/dbt/logs', 'warn_error': 'None', 'version_check': 'True', 'use_colors': 'True', 'use_experimental_parser': 'False', 'no_print': 'None', 'quiet': 'False', 'empty': 'None', 'log_format': 'default', 'invocation_command': 'dbt ', 'static_parser': 'True', 'introspect': 'True', 'target_path': '/tmp/dbt/target/', 'warn_error_options': 'WarnErrorOptions(include=[], exclude=[])', 'send_anonymous_usage_stats': 'False'}
[0m08:02:15.690247 [info ] [Dummy-1   ]: Registered adapter: snowflake=1.9.2
[0m08:02:15.732213 [debug] [Dummy-1   ]: checksum: 53ed91fada2233efb98368d1716b44ab532c83a9c293cf1890b7905d5b45fb25, vars: {}, profile: , target: dev, version: 1.9.4
[0m08:02:16.004485 [debug] [Dummy-1   ]: Partial parsing enabled: 0 files deleted, 0 files added, 0 files changed.
[0m08:02:16.005085 [debug] [Dummy-1   ]: Partial parsing enabled, no changes found, skipping parsing
[0m08:02:16.104022 [info ] [Dummy-1   ]: Found 6 models, 20 data tests, 4 sources, 474 macros
[0m08:02:16.107212 [info ] [Dummy-1   ]: 
[0m08:02:16.108027 [info ] [Dummy-1   ]: Concurrency: 4 threads (target='dev')
[0m08:02:16.108695 [info ] [Dummy-1   ]: 
[0m08:02:16.109538 [debug] [Dummy-1   ]: Acquiring new snowflake connection 'master'
[0m08:02:16.115646 [debug] [ThreadPool]: Acquiring new snowflake connection 'list_DBT_DEMO_RAW_staging'
[0m08:02:16.116897 [debug] [ThreadPool]: Acquiring new snowflake connection 'list_DBT_DEMO_RAW_marts'
[0m08:02:16.222902 [debug] [ThreadPool]: Using snowflake connection "list_DBT_DEMO_RAW_staging"
[0m08:02:16.223637 [debug] [ThreadPool]: Using snowflake connection "list_DBT_DEMO_RAW_marts"
[0m08:02:16.224189 [debug] [ThreadPool]: On list_DBT_DEMO_RAW_staging: /* {"app": "dbt", "dbt_version": "1.9.4", "profile_name": "dbt_demo", "target_name": "dev", "connection_name": "list_DBT_DEMO_RAW_staging"} */
alter session set quoted_identifiers_ignore_case = false;
[0m08:02:16.224711 [debug] [ThreadPool]: On list_DBT_DEMO_RAW_marts: /* {"app": "dbt", "dbt_version": "1.9.4", "profile_name": "dbt_demo", "target_name": "dev", "connection_name": "list_DBT_DEMO_RAW_marts"} */
alter session set quoted_identifiers_ignore_case = false;
[0m08:02:16.225173 [debug] [ThreadPool]: Opening a new connection, currently in state init
[0m08:02:16.225619 [debug] [ThreadPool]: Opening a new connection, currently in state init
[0m08:02:17.991836 [debug] [ThreadPool]: SQL status: SUCCESS 1 in 1.766 seconds
[0m08:02:17.996550 [debug] [ThreadPool]: Using snowflake connection "list_DBT_DEMO_RAW_staging"
[0m08:02:17.997138 [debug] [ThreadPool]: On list_DBT_DEMO_RAW_staging: /* {"app": "dbt", "dbt_version": "1.9.4", "profile_name": "dbt_demo", "target_name": "dev", "connection_name": "list_DBT_DEMO_RAW_staging"} */
show objects in DBT_DEMO.RAW_staging
    limit 10000
    
;
[0m08:02:18.058883 [debug] [ThreadPool]: SQL status: SUCCESS 1 in 1.833 seconds
[0m08:02:18.060985 [debug] [ThreadPool]: Using snowflake connection "list_DBT_DEMO_RAW_marts"
[0m08:02:18.061518 [debug] [ThreadPool]: On list_DBT_DEMO_RAW_marts: /* {"app": "dbt", "dbt_version": "1.9.4", "profile_name": "dbt_demo", "target_name": "dev", "connection_name": "list_DBT_DEMO_RAW_marts"} */
show objects in DBT_DEMO.RAW_marts
    limit 10000
    
;
[0m08:02:18.323705 [debug] [ThreadPool]: SQL status: SUCCESS 4 in 0.326 seconds
[0m08:02:18.326305 [debug] [ThreadPool]: Using snowflake connection "list_DBT_DEMO_RAW_staging"
[0m08:02:18.326853 [debug] [ThreadPool]: On list_DBT_DEMO_RAW_staging: /* {"app": "dbt", "dbt_version": "1.9.4", "profile_name": "dbt_demo", "target_name": "dev", "connection_name": "list_DBT_DEMO_RAW_staging"} */
alter session unset quoted_identifiers_ignore_case;
[0m08:02:18.387218 [debug] [ThreadPool]: SQL status: SUCCESS 2 in 0.325 seconds
[0m08:02:18.389430 [debug] [ThreadPool]: Using snowflake connection "list_DBT_DEMO_RAW_marts"
[0m08:02:18.389952 [debug] [ThreadPool]: On list_DBT_DEMO_RAW_marts: /* {"app": "dbt", "dbt_version": "1.9.4", "profile_name": "dbt_demo", "target_name": "dev", "connection_name": "list_DBT_DEMO_RAW_marts"} */
alter session unset quoted_identifiers_ignore_case;
[0m08:02:18.530556 [debug] [ThreadPool]: SQL status: SUCCESS 1 in 0.203 seconds
[0m08:02:18.609150 [debug] [ThreadPool]: SQL status: SUCCESS 1 in 0.219 seconds
[0m08:02:18.618000 [debug] [Thread-2 (]: Began running node model.dbt_demo.stg_customers
[0m08:02:18.618803 [debug] [Thread-3 (]: Began running node model.dbt_demo.stg_order_items
[0m08:02:18.619545 [debug] [Thread-4 (]: Began running node model.dbt_demo.stg_orders
[0m08:02:18.620257 [debug] [Thread-5 (]: Began running node model.dbt_demo.stg_products
[0m08:02:18.620990 [debug] [Thread-2 (]: Re-using an available connection from the pool (formerly list_DBT_DEMO_RAW_staging, now model.dbt_demo.stg_customers)
[0m08:02:18.621665 [debug] [Thread-3 (]: Re-using an available connection from the pool (formerly list_DBT_DEMO_RAW_marts, now model.dbt_demo.stg_order_items)
[0m08:02:18.622429 [debug] [Thread-4 (]: Acquiring new snowflake connection 'model.dbt_demo.stg_orders'
[0m08:02:18.623165 [debug] [Thread-5 (]: Acquiring new snowflake connection 'model.dbt_demo.stg_products'
[0m08:02:18.623726 [debug] [Thread-2 (]: Began compiling node model.dbt_demo.stg_customers
[0m08:02:18.624238 [debug] [Thread-3 (]: Began compiling node model.dbt_demo.stg_order_items
[0m08:02:18.624725 [debug] [Thread-4 (]: Began compiling node model.dbt_demo.stg_orders
[0m08:02:18.625206 [debug] [Thread-5 (]: Began compiling node model.dbt_demo.stg_products
[0m08:02:18.639665 [debug] [Thread-2 (]: Writing injected SQL for node "model.dbt_demo.stg_customers"
[0m08:02:18.648116 [debug] [Thread-3 (]: Writing injected SQL for node "model.dbt_demo.stg_order_items"
[0m08:02:18.656384 [debug] [Thread-4 (]: Writing injected SQL for node "model.dbt_demo.stg_orders"
[0m08:02:18.665815 [debug] [Thread-5 (]: Writing injected SQL for node "model.dbt_demo.stg_products"
[0m08:02:18.666940 [debug] [Thread-2 (]: Began executing node model.dbt_demo.stg_customers
[0m08:02:18.667823 [debug] [Thread-3 (]: Began executing node model.dbt_demo.stg_order_items
[0m08:02:18.668744 [debug] [Thread-4 (]: Began executing node model.dbt_demo.stg_orders
[0m08:02:18.669715 [debug] [Thread-2 (]: Finished running node model.dbt_demo.stg_customers
[0m08:02:18.670277 [debug] [Thread-5 (]: Began executing node model.dbt_demo.stg_products
[0m08:02:18.671097 [debug] [Thread-3 (]: Finished running node model.dbt_demo.stg_order_items
[0m08:02:18.671923 [debug] [Thread-4 (]: Finished running node model.dbt_demo.stg_orders
[0m08:02:18.673513 [debug] [Thread-2 (]: Began running node test.dbt_demo.accepted_values_stg_customers_country__USA__Canada__UK__Germany__France.df764d7c74
[0m08:02:18.674334 [debug] [Thread-5 (]: Finished running node model.dbt_demo.stg_products
[0m08:02:18.675357 [debug] [Thread-3 (]: Began running node test.dbt_demo.not_null_stg_customers_customer_id.e2cfb1f9aa
[0m08:02:18.676644 [debug] [Thread-4 (]: Began running node test.dbt_demo.not_null_stg_customers_email.d7cf761533
[0m08:02:18.677616 [debug] [Thread-2 (]: Re-using an available connection from the pool (formerly model.dbt_demo.stg_customers, now test.dbt_demo.accepted_values_stg_customers_country__USA__Canada__UK__Germany__France.df764d7c74)
[0m08:02:18.678697 [debug] [Thread-5 (]: Began running node test.dbt_demo.unique_stg_customers_customer_id.c7614daada
[0m08:02:18.679719 [debug] [Thread-3 (]: Re-using an available connection from the pool (formerly model.dbt_demo.stg_order_items, now test.dbt_demo.not_null_stg_customers_customer_id.e2cfb1f9aa)
[0m08:02:18.680359 [debug] [Thread-4 (]: Re-using an available connection from the pool (formerly model.dbt_demo.stg_orders, now test.dbt_demo.not_null_stg_customers_email.d7cf761533)
[0m08:02:18.680954 [debug] [Thread-2 (]: Began compiling node test.dbt_demo.accepted_values_stg_customers_country__USA__Canada__UK__Germany__France.df764d7c74
[0m08:02:18.681615 [debug] [Thread-5 (]: Re-using an available connection from the pool (formerly model.dbt_demo.stg_products, now test.dbt_demo.unique_stg_customers_customer_id.c7614daada)
[0m08:02:18.682191 [debug] [Thread-3 (]: Began compiling node test.dbt_demo.not_null_stg_customers_customer_id.e2cfb1f9aa
[0m08:02:18.682744 [debug] [Thread-4 (]: Began compiling node test.dbt_demo.not_null_stg_customers_email.d7cf761533
[0m08:02:18.702920 [debug] [Thread-2 (]: Writing injected SQL for node "test.dbt_demo.accepted_values_stg_customers_country__USA__Canada__UK__Germany__France.df764d7c74"
[0m08:02:18.703540 [debug] [Thread-5 (]: Began compiling node test.dbt_demo.unique_stg_customers_customer_id.c7614daada
[0m08:02:18.719201 [debug] [Thread-3 (]: Writing injected SQL for node "test.dbt_demo.not_null_stg_customers_customer_id.e2cfb1f9aa"
[0m08:02:18.728808 [debug] [Thread-4 (]: Writing injected SQL for node "test.dbt_demo.not_null_stg_customers_email.d7cf761533"
[0m08:02:18.742190 [debug] [Thread-5 (]: Writing injected SQL for node "test.dbt_demo.unique_stg_customers_customer_id.c7614daada"
[0m08:02:18.743071 [debug] [Thread-2 (]: Began executing node test.dbt_demo.accepted_values_stg_customers_country__USA__Canada__UK__Germany__France.df764d7c74
[0m08:02:18.744077 [debug] [Thread-3 (]: Began executing node test.dbt_demo.not_null_stg_customers_customer_id.e2cfb1f9aa
[0m08:02:18.744946 [debug] [Thread-4 (]: Began executing node test.dbt_demo.not_null_stg_customers_email.d7cf761533
[0m08:02:18.745924 [debug] [Thread-2 (]: Finished running node test.dbt_demo.accepted_values_stg_customers_country__USA__Canada__UK__Germany__France.df764d7c74
[0m08:02:18.746487 [debug] [Thread-5 (]: Began executing node test.dbt_demo.unique_stg_customers_customer_id.c7614daada
[0m08:02:18.747333 [debug] [Thread-3 (]: Finished running node test.dbt_demo.not_null_stg_customers_customer_id.e2cfb1f9aa
[0m08:02:18.748246 [debug] [Thread-4 (]: Finished running node test.dbt_demo.not_null_stg_customers_email.d7cf761533
[0m08:02:18.749326 [debug] [Thread-2 (]: Began running node test.dbt_demo.unique_stg_customers_email.1ebcb2333e
[0m08:02:18.750300 [debug] [Thread-5 (]: Finished running node test.dbt_demo.unique_stg_customers_customer_id.c7614daada
[0m08:02:18.751324 [debug] [Thread-3 (]: Began running node test.dbt_demo.not_null_stg_order_items_order_id.2063801f96
[0m08:02:18.752360 [debug] [Thread-4 (]: Began running node test.dbt_demo.not_null_stg_order_items_order_item_id.26a7e2bc35
[0m08:02:18.753095 [debug] [Thread-2 (]: Re-using an available connection from the pool (formerly test.dbt_demo.accepted_values_stg_customers_country__USA__Canada__UK__Germany__France.df764d7c74, now test.dbt_demo.unique_stg_customers_email.1ebcb2333e)
[0m08:02:18.753998 [debug] [Thread-5 (]: Began running node test.dbt_demo.unique_stg_order_items_order_item_id.90e333a108
[0m08:02:18.754735 [debug] [Thread-3 (]: Re-using an available connection from the pool (formerly test.dbt_demo.not_null_stg_customers_customer_id.e2cfb1f9aa, now test.dbt_demo.not_null_stg_order_items_order_id.2063801f96)
[0m08:02:18.755432 [debug] [Thread-4 (]: Re-using an available connection from the pool (formerly test.dbt_demo.not_null_stg_customers_email.d7cf761533, now test.dbt_demo.not_null_stg_order_items_order_item_id.26a7e2bc35)
[0m08:02:18.755967 [debug] [Thread-2 (]: Began compiling node test.dbt_demo.unique_stg_customers_email.1ebcb2333e
[0m08:02:18.756537 [debug] [Thread-5 (]: Re-using an available connection from the pool (formerly test.dbt_demo.unique_stg_customers_customer_id.c7614daada, now test.dbt_demo.unique_stg_order_items_order_item_id.90e333a108)
[0m08:02:18.757056 [debug] [Thread-3 (]: Began compiling node test.dbt_demo.not_null_stg_order_items_order_id.2063801f96
[0m08:02:18.757597 [debug] [Thread-4 (]: Began compiling node test.dbt_demo.not_null_stg_order_items_order_item_id.26a7e2bc35
[0m08:02:18.767261 [debug] [Thread-2 (]: Writing injected SQL for node "test.dbt_demo.unique_stg_customers_email.1ebcb2333e"
[0m08:02:18.767954 [debug] [Thread-5 (]: Began compiling node test.dbt_demo.unique_stg_order_items_order_item_id.90e333a108
[0m08:02:18.777694 [debug] [Thread-3 (]: Writing injected SQL for node "test.dbt_demo.not_null_stg_order_items_order_id.2063801f96"
[0m08:02:18.788451 [debug] [Thread-4 (]: Writing injected SQL for node "test.dbt_demo.not_null_stg_order_items_order_item_id.26a7e2bc35"
[0m08:02:18.797655 [debug] [Thread-5 (]: Writing injected SQL for node "test.dbt_demo.unique_stg_order_items_order_item_id.90e333a108"
[0m08:02:18.798587 [debug] [Thread-2 (]: Began executing node test.dbt_demo.unique_stg_customers_email.1ebcb2333e
[0m08:02:18.799452 [debug] [Thread-3 (]: Began executing node test.dbt_demo.not_null_stg_order_items_order_id.2063801f96
[0m08:02:18.800345 [debug] [Thread-4 (]: Began executing node test.dbt_demo.not_null_stg_order_items_order_item_id.26a7e2bc35
[0m08:02:18.801307 [debug] [Thread-2 (]: Finished running node test.dbt_demo.unique_stg_customers_email.1ebcb2333e
[0m08:02:18.801822 [debug] [Thread-5 (]: Began executing node test.dbt_demo.unique_stg_order_items_order_item_id.90e333a108
[0m08:02:18.802605 [debug] [Thread-3 (]: Finished running node test.dbt_demo.not_null_stg_order_items_order_id.2063801f96
[0m08:02:18.803380 [debug] [Thread-4 (]: Finished running node test.dbt_demo.not_null_stg_order_items_order_item_id.26a7e2bc35
[0m08:02:18.804331 [debug] [Thread-2 (]: Began running node test.dbt_demo.accepted_values_stg_orders_order_status__pending__completed__cancelled__shipped.28072636a2
[0m08:02:18.805199 [debug] [Thread-5 (]: Finished running node test.dbt_demo.unique_stg_order_items_order_item_id.90e333a108
[0m08:02:18.806109 [debug] [Thread-3 (]: Began running node test.dbt_demo.not_null_stg_orders_customer_id.af79d5e4b5
[0m08:02:18.807007 [debug] [Thread-4 (]: Began running node test.dbt_demo.not_null_stg_orders_order_id.81cfe2fe64
[0m08:02:18.807676 [debug] [Thread-2 (]: Re-using an available connection from the pool (formerly test.dbt_demo.unique_stg_customers_email.1ebcb2333e, now test.dbt_demo.accepted_values_stg_orders_order_status__pending__completed__cancelled__shipped.28072636a2)
[0m08:02:18.808622 [debug] [Thread-5 (]: Began running node test.dbt_demo.relationships_stg_orders_customer_id__customer_id__ref_stg_customers_.430bf21500
[0m08:02:18.809279 [debug] [Thread-3 (]: Re-using an available connection from the pool (formerly test.dbt_demo.not_null_stg_order_items_order_id.2063801f96, now test.dbt_demo.not_null_stg_orders_customer_id.af79d5e4b5)
[0m08:02:18.809855 [debug] [Thread-4 (]: Re-using an available connection from the pool (formerly test.dbt_demo.not_null_stg_order_items_order_item_id.26a7e2bc35, now test.dbt_demo.not_null_stg_orders_order_id.81cfe2fe64)
[0m08:02:18.810352 [debug] [Thread-2 (]: Began compiling node test.dbt_demo.accepted_values_stg_orders_order_status__pending__completed__cancelled__shipped.28072636a2
[0m08:02:18.810902 [debug] [Thread-5 (]: Re-using an available connection from the pool (formerly test.dbt_demo.unique_stg_order_items_order_item_id.90e333a108, now test.dbt_demo.relationships_stg_orders_customer_id__customer_id__ref_stg_customers_.430bf21500)
[0m08:02:18.811421 [debug] [Thread-3 (]: Began compiling node test.dbt_demo.not_null_stg_orders_customer_id.af79d5e4b5
[0m08:02:18.811897 [debug] [Thread-4 (]: Began compiling node test.dbt_demo.not_null_stg_orders_order_id.81cfe2fe64
[0m08:02:18.825135 [debug] [Thread-2 (]: Writing injected SQL for node "test.dbt_demo.accepted_values_stg_orders_order_status__pending__completed__cancelled__shipped.28072636a2"
[0m08:02:18.825764 [debug] [Thread-5 (]: Began compiling node test.dbt_demo.relationships_stg_orders_customer_id__customer_id__ref_stg_customers_.430bf21500
[0m08:02:18.835174 [debug] [Thread-3 (]: Writing injected SQL for node "test.dbt_demo.not_null_stg_orders_customer_id.af79d5e4b5"
[0m08:02:18.845473 [debug] [Thread-4 (]: Writing injected SQL for node "test.dbt_demo.not_null_stg_orders_order_id.81cfe2fe64"
[0m08:02:18.858067 [debug] [Thread-2 (]: Began executing node test.dbt_demo.accepted_values_stg_orders_order_status__pending__completed__cancelled__shipped.28072636a2
[0m08:02:18.860979 [debug] [Thread-5 (]: Writing injected SQL for node "test.dbt_demo.relationships_stg_orders_customer_id__customer_id__ref_stg_customers_.430bf21500"
[0m08:02:18.861931 [debug] [Thread-3 (]: Began executing node test.dbt_demo.not_null_stg_orders_customer_id.af79d5e4b5
[0m08:02:18.863068 [debug] [Thread-2 (]: Finished running node test.dbt_demo.accepted_values_stg_orders_order_status__pending__completed__cancelled__shipped.28072636a2
[0m08:02:18.863690 [debug] [Thread-4 (]: Began executing node test.dbt_demo.not_null_stg_orders_order_id.81cfe2fe64
[0m08:02:18.864782 [debug] [Thread-3 (]: Finished running node test.dbt_demo.not_null_stg_orders_customer_id.af79d5e4b5
[0m08:02:18.865303 [debug] [Thread-5 (]: Began executing node test.dbt_demo.relationships_stg_orders_customer_id__customer_id__ref_stg_customers_.430bf21500
[0m08:02:18.866287 [debug] [Thread-2 (]: Began running node test.dbt_demo.unique_stg_orders_order_id.e3b841c71a
[0m08:02:18.867209 [debug] [Thread-4 (]: Finished running node test.dbt_demo.not_null_stg_orders_order_id.81cfe2fe64
[0m08:02:18.868258 [debug] [Thread-3 (]: Began running node model.dbt_demo.dim_customers
[0m08:02:18.869182 [debug] [Thread-5 (]: Finished running node test.dbt_demo.relationships_stg_orders_customer_id__customer_id__ref_stg_customers_.430bf21500
[0m08:02:18.869818 [debug] [Thread-2 (]: Re-using an available connection from the pool (formerly test.dbt_demo.accepted_values_stg_orders_order_status__pending__completed__cancelled__shipped.28072636a2, now test.dbt_demo.unique_stg_orders_order_id.e3b841c71a)
[0m08:02:18.870744 [debug] [Thread-4 (]: Began running node model.dbt_demo.fct_order_lines
[0m08:02:18.871427 [debug] [Thread-3 (]: Re-using an available connection from the pool (formerly test.dbt_demo.not_null_stg_orders_customer_id.af79d5e4b5, now model.dbt_demo.dim_customers)
[0m08:02:18.872343 [debug] [Thread-5 (]: Began running node test.dbt_demo.not_null_stg_products_product_id.6373b0acf3
[0m08:02:18.873035 [debug] [Thread-2 (]: Began compiling node test.dbt_demo.unique_stg_orders_order_id.e3b841c71a
[0m08:02:18.873650 [debug] [Thread-4 (]: Re-using an available connection from the pool (formerly test.dbt_demo.not_null_stg_orders_order_id.81cfe2fe64, now model.dbt_demo.fct_order_lines)
[0m08:02:18.874185 [debug] [Thread-3 (]: Began compiling node model.dbt_demo.dim_customers
[0m08:02:18.874781 [debug] [Thread-5 (]: Re-using an available connection from the pool (formerly test.dbt_demo.relationships_stg_orders_customer_id__customer_id__ref_stg_customers_.430bf21500, now test.dbt_demo.not_null_stg_products_product_id.6373b0acf3)
[0m08:02:18.884717 [debug] [Thread-2 (]: Writing injected SQL for node "test.dbt_demo.unique_stg_orders_order_id.e3b841c71a"
[0m08:02:18.885357 [debug] [Thread-4 (]: Began compiling node model.dbt_demo.fct_order_lines
[0m08:02:18.895429 [debug] [Thread-3 (]: Writing injected SQL for node "model.dbt_demo.dim_customers"
[0m08:02:18.896047 [debug] [Thread-5 (]: Began compiling node test.dbt_demo.not_null_stg_products_product_id.6373b0acf3
[0m08:02:18.904750 [debug] [Thread-4 (]: Writing injected SQL for node "model.dbt_demo.fct_order_lines"
[0m08:02:18.905461 [debug] [Thread-2 (]: Began executing node test.dbt_demo.unique_stg_orders_order_id.e3b841c71a
[0m08:02:18.916170 [debug] [Thread-5 (]: Writing injected SQL for node "test.dbt_demo.not_null_stg_products_product_id.6373b0acf3"
[0m08:02:18.916821 [debug] [Thread-3 (]: Began executing node model.dbt_demo.dim_customers
[0m08:02:18.918118 [debug] [Thread-2 (]: Finished running node test.dbt_demo.unique_stg_orders_order_id.e3b841c71a
[0m08:02:18.918675 [debug] [Thread-4 (]: Began executing node model.dbt_demo.fct_order_lines
[0m08:02:18.919719 [debug] [Thread-3 (]: Finished running node model.dbt_demo.dim_customers
[0m08:02:18.920343 [debug] [Thread-5 (]: Began executing node test.dbt_demo.not_null_stg_products_product_id.6373b0acf3
[0m08:02:18.921285 [debug] [Thread-2 (]: Began running node test.dbt_demo.not_null_stg_products_unit_price.0be67d1be2
[0m08:02:18.922207 [debug] [Thread-4 (]: Finished running node model.dbt_demo.fct_order_lines
[0m08:02:18.923201 [debug] [Thread-3 (]: Began running node test.dbt_demo.unique_stg_products_product_id.7d950a1467
[0m08:02:18.924331 [debug] [Thread-5 (]: Finished running node test.dbt_demo.not_null_stg_products_product_id.6373b0acf3
[0m08:02:18.924987 [debug] [Thread-2 (]: Re-using an available connection from the pool (formerly test.dbt_demo.unique_stg_orders_order_id.e3b841c71a, now test.dbt_demo.not_null_stg_products_unit_price.0be67d1be2)
[0m08:02:18.925950 [debug] [Thread-4 (]: Began running node test.dbt_demo.not_null_dim_customers_customer_id.dd91cd1c8d
[0m08:02:18.926765 [debug] [Thread-3 (]: Re-using an available connection from the pool (formerly model.dbt_demo.dim_customers, now test.dbt_demo.unique_stg_products_product_id.7d950a1467)
[0m08:02:18.927658 [debug] [Thread-5 (]: Began running node test.dbt_demo.unique_dim_customers_customer_id.15c9f1e2fd
[0m08:02:18.928357 [debug] [Thread-2 (]: Began compiling node test.dbt_demo.not_null_stg_products_unit_price.0be67d1be2
[0m08:02:18.929000 [debug] [Thread-4 (]: Re-using an available connection from the pool (formerly model.dbt_demo.fct_order_lines, now test.dbt_demo.not_null_dim_customers_customer_id.dd91cd1c8d)
[0m08:02:18.929553 [debug] [Thread-3 (]: Began compiling node test.dbt_demo.unique_stg_products_product_id.7d950a1467
[0m08:02:18.930191 [debug] [Thread-5 (]: Re-using an available connection from the pool (formerly test.dbt_demo.not_null_stg_products_product_id.6373b0acf3, now test.dbt_demo.unique_dim_customers_customer_id.15c9f1e2fd)
[0m08:02:18.939726 [debug] [Thread-2 (]: Writing injected SQL for node "test.dbt_demo.not_null_stg_products_unit_price.0be67d1be2"
[0m08:02:18.940331 [debug] [Thread-4 (]: Began compiling node test.dbt_demo.not_null_dim_customers_customer_id.dd91cd1c8d
[0m08:02:18.950775 [debug] [Thread-3 (]: Writing injected SQL for node "test.dbt_demo.unique_stg_products_product_id.7d950a1467"
[0m08:02:18.951392 [debug] [Thread-5 (]: Began compiling node test.dbt_demo.unique_dim_customers_customer_id.15c9f1e2fd
[0m08:02:18.960965 [debug] [Thread-4 (]: Writing injected SQL for node "test.dbt_demo.not_null_dim_customers_customer_id.dd91cd1c8d"
[0m08:02:18.961829 [debug] [Thread-2 (]: Began executing node test.dbt_demo.not_null_stg_products_unit_price.0be67d1be2
[0m08:02:18.971542 [debug] [Thread-5 (]: Writing injected SQL for node "test.dbt_demo.unique_dim_customers_customer_id.15c9f1e2fd"
[0m08:02:18.972142 [debug] [Thread-3 (]: Began executing node test.dbt_demo.unique_stg_products_product_id.7d950a1467
[0m08:02:18.973312 [debug] [Thread-2 (]: Finished running node test.dbt_demo.not_null_stg_products_unit_price.0be67d1be2
[0m08:02:18.973805 [debug] [Thread-4 (]: Began executing node test.dbt_demo.not_null_dim_customers_customer_id.dd91cd1c8d
[0m08:02:18.974876 [debug] [Thread-3 (]: Finished running node test.dbt_demo.unique_stg_products_product_id.7d950a1467
[0m08:02:18.975412 [debug] [Thread-5 (]: Began executing node test.dbt_demo.unique_dim_customers_customer_id.15c9f1e2fd
[0m08:02:18.976416 [debug] [Thread-2 (]: Began running node test.dbt_demo.not_null_fct_order_lines_order_item_id.b82485ef56
[0m08:02:18.977295 [debug] [Thread-4 (]: Finished running node test.dbt_demo.not_null_dim_customers_customer_id.dd91cd1c8d
[0m08:02:18.978261 [debug] [Thread-3 (]: Began running node test.dbt_demo.unique_fct_order_lines_order_item_id.c667711637
[0m08:02:18.979160 [debug] [Thread-5 (]: Finished running node test.dbt_demo.unique_dim_customers_customer_id.15c9f1e2fd
[0m08:02:18.980009 [debug] [Thread-2 (]: Re-using an available connection from the pool (formerly test.dbt_demo.not_null_stg_products_unit_price.0be67d1be2, now test.dbt_demo.not_null_fct_order_lines_order_item_id.b82485ef56)
[0m08:02:18.981112 [debug] [Thread-3 (]: Re-using an available connection from the pool (formerly test.dbt_demo.unique_stg_products_product_id.7d950a1467, now test.dbt_demo.unique_fct_order_lines_order_item_id.c667711637)
[0m08:02:18.982045 [debug] [Thread-2 (]: Began compiling node test.dbt_demo.not_null_fct_order_lines_order_item_id.b82485ef56
[0m08:02:18.982548 [debug] [Thread-3 (]: Began compiling node test.dbt_demo.unique_fct_order_lines_order_item_id.c667711637
[0m08:02:19.072390 [debug] [Thread-2 (]: Writing injected SQL for node "test.dbt_demo.not_null_fct_order_lines_order_item_id.b82485ef56"
[0m08:02:19.081796 [debug] [Thread-3 (]: Writing injected SQL for node "test.dbt_demo.unique_fct_order_lines_order_item_id.c667711637"
[0m08:02:19.082818 [debug] [Thread-2 (]: Began executing node test.dbt_demo.not_null_fct_order_lines_order_item_id.b82485ef56
[0m08:02:19.083834 [debug] [Thread-2 (]: Finished running node test.dbt_demo.not_null_fct_order_lines_order_item_id.b82485ef56
[0m08:02:19.084370 [debug] [Thread-3 (]: Began executing node test.dbt_demo.unique_fct_order_lines_order_item_id.c667711637
[0m08:02:19.085671 [debug] [Thread-3 (]: Finished running node test.dbt_demo.unique_fct_order_lines_order_item_id.c667711637
[0m08:02:19.088446 [debug] [Dummy-1   ]: Connection 'master' was properly closed.
[0m08:02:19.088986 [debug] [Dummy-1   ]: Connection 'test.dbt_demo.not_null_fct_order_lines_order_item_id.b82485ef56' was properly closed.
[0m08:02:19.089420 [debug] [Dummy-1   ]: Connection 'test.dbt_demo.unique_fct_order_lines_order_item_id.c667711637' was properly closed.
[0m08:02:19.089815 [debug] [Dummy-1   ]: Connection 'test.dbt_demo.not_null_dim_customers_customer_id.dd91cd1c8d' was properly closed.
[0m08:02:19.090200 [debug] [Dummy-1   ]: Connection 'test.dbt_demo.unique_dim_customers_customer_id.15c9f1e2fd' was properly closed.
[0m08:02:19.093611 [debug] [Dummy-1   ]: Command end result
[0m08:02:19.185888 [debug] [Dummy-1   ]: Wrote artifact WritableManifest to /tmp/dbt/target/manifest.json
[0m08:02:19.188067 [debug] [Dummy-1   ]: Wrote artifact SemanticManifest to /tmp/dbt/target/semantic_manifest.json
[0m08:02:19.195995 [debug] [Dummy-1   ]: Wrote artifact RunExecutionResult to /tmp/dbt/target/run_results.json
[0m08:02:19.199502 [debug] [Dummy-1   ]: Acquiring new snowflake connection 'generate_catalog'
[0m08:02:19.200136 [info ] [Dummy-1   ]: Building catalog
[0m08:02:19.212457 [debug] [ThreadPool]: Acquiring new snowflake connection 'DBT_DEMO.information_schema'
[0m08:02:19.235543 [debug] [ThreadPool]: Using snowflake connection "DBT_DEMO.information_schema"
[0m08:02:19.236606 [debug] [ThreadPool]: On DBT_DEMO.information_schema: /* {"app": "dbt", "dbt_version": "1.9.4", "profile_name": "dbt_demo", "target_name": "dev", "connection_name": "DBT_DEMO.information_schema"} */
with tables as (
            select
        table_catalog as "table_database",
        table_schema as "table_schema",
        table_name as "table_name",
        case
            when is_dynamic = 'YES' and table_type = 'BASE TABLE' THEN 'DYNAMIC TABLE'
            else table_type
        end as "table_type",
        comment as "table_comment",

        -- note: this is the _role_ that owns the table
        table_owner as "table_owner",

        'Clustering Key' as "stats:clustering_key:label",
        clustering_key as "stats:clustering_key:value",
        'The key used to cluster this table' as "stats:clustering_key:description",
        (clustering_key is not null) as "stats:clustering_key:include",

        'Row Count' as "stats:row_count:label",
        row_count as "stats:row_count:value",
        'An approximate count of rows in this table' as "stats:row_count:description",
        (row_count is not null) as "stats:row_count:include",

        'Approximate Size' as "stats:bytes:label",
        bytes as "stats:bytes:value",
        'Approximate size of the table as reported by Snowflake' as "stats:bytes:description",
        (bytes is not null) as "stats:bytes:include",

        'Last Modified' as "stats:last_modified:label",
        to_varchar(convert_timezone('UTC', last_altered), 'yyyy-mm-dd HH24:MI'||'UTC') as "stats:last_modified:value",
        'The timestamp for last update/change' as "stats:last_modified:description",
        (last_altered is not null and table_type='BASE TABLE') as "stats:last_modified:include"
    from DBT_DEMO.INFORMATION_SCHEMA.tables
            where (
                (
                    
    "table_schema" ilike 'RAW_staging' and upper("table_schema") = upper('RAW_staging')

                    and 
    "table_name" ilike 'stg_products' and upper("table_name") = upper('stg_products')

                )
             or 
                (
                    
    "table_schema" ilike 'RAW_staging' and upper("table_schema") = upper('RAW_staging')

                    and 
    "table_name" ilike 'stg_customers' and upper("table_name") = upper('stg_customers')

                )
             or 
                (
                    
    "table_schema" ilike 'RAW' and upper("table_schema") = upper('RAW')

                    and 
    "table_name" ilike 'order_items' and upper("table_name") = upper('order_items')

                )
             or 
                (
                    
    "table_schema" ilike 'RAW_marts' and upper("table_schema") = upper('RAW_marts')

                    and 
    "table_name" ilike 'fct_order_lines' and upper("table_name") = upper('fct_order_lines')

                )
             or 
                (
                    
    "table_schema" ilike 'RAW_marts' and upper("table_schema") = upper('RAW_marts')

                    and 
    "table_name" ilike 'dim_customers' and upper("table_name") = upper('dim_customers')

                )
             or 
                (
                    
    "table_schema" ilike 'RAW_staging' and upper("table_schema") = upper('RAW_staging')

                    and 
    "table_name" ilike 'stg_orders' and upper("table_name") = upper('stg_orders')

                )
             or 
                (
                    
    "table_schema" ilike 'RAW' and upper("table_schema") = upper('RAW')

                    and 
    "table_name" ilike 'products' and upper("table_name") = upper('products')

                )
             or 
                (
                    
    "table_schema" ilike 'RAW' and upper("table_schema") = upper('RAW')

                    and 
    "table_name" ilike 'orders' and upper("table_name") = upper('orders')

                )
             or 
                (
                    
    "table_schema" ilike 'RAW_staging' and upper("table_schema") = upper('RAW_staging')

                    and 
    "table_name" ilike 'stg_order_items' and upper("table_name") = upper('stg_order_items')

                )
             or 
                (
                    
    "table_schema" ilike 'RAW' and upper("table_schema") = upper('RAW')

                    and 
    "table_name" ilike 'customers' and upper("table_name") = upper('customers')

                )
            )
        ),
        columns as (
            select
        table_catalog as "table_database",
        table_schema as "table_schema",
        table_name as "table_name",

        column_name as "column_name",
        ordinal_position as "column_index",
        data_type as "column_type",
        comment as "column_comment"
    from DBT_DEMO.INFORMATION_SCHEMA.columns
            where (
                (
                    
    "table_schema" ilike 'RAW_staging' and upper("table_schema") = upper('RAW_staging')

                    and 
    "table_name" ilike 'stg_products' and upper("table_name") = upper('stg_products')

                )
             or 
                (
                    
    "table_schema" ilike 'RAW_staging' and upper("table_schema") = upper('RAW_staging')

                    and 
    "table_name" ilike 'stg_customers' and upper("table_name") = upper('stg_customers')

                )
             or 
                (
                    
    "table_schema" ilike 'RAW' and upper("table_schema") = upper('RAW')

                    and 
    "table_name" ilike 'order_items' and upper("table_name") = upper('order_items')

                )
             or 
                (
                    
    "table_schema" ilike 'RAW_marts' and upper("table_schema") = upper('RAW_marts')

                    and 
    "table_name" ilike 'fct_order_lines' and upper("table_name") = upper('fct_order_lines')

                )
             or 
                (
                    
    "table_schema" ilike 'RAW_marts' and upper("table_schema") = upper('RAW_marts')

                    and 
    "table_name" ilike 'dim_customers' and upper("table_name") = upper('dim_customers')

                )
             or 
                (
                    
    "table_schema" ilike 'RAW_staging' and upper("table_schema") = upper('RAW_staging')

                    and 
    "table_name" ilike 'stg_orders' and upper("table_name") = upper('stg_orders')

                )
             or 
                (
                    
    "table_schema" ilike 'RAW' and upper("table_schema") = upper('RAW')

                    and 
    "table_name" ilike 'products' and upper("table_name") = upper('products')

                )
             or 
                (
                    
    "table_schema" ilike 'RAW' and upper("table_schema") = upper('RAW')

                    and 
    "table_name" ilike 'orders' and upper("table_name") = upper('orders')

                )
             or 
                (
                    
    "table_schema" ilike 'RAW_staging' and upper("table_schema") = upper('RAW_staging')

                    and 
    "table_name" ilike 'stg_order_items' and upper("table_name") = upper('stg_order_items')

                )
             or 
                (
                    
    "table_schema" ilike 'RAW' and upper("table_schema") = upper('RAW')

                    and 
    "table_name" ilike 'customers' and upper("table_name") = upper('customers')

                )
            )
        )
        select *
    from tables
    join columns using ("table_database", "table_schema", "table_name")
    order by "column_index"
[0m08:02:19.237360 [debug] [ThreadPool]: Opening a new connection, currently in state init
[0m08:02:26.454292 [debug] [ThreadPool]: SQL status: SUCCESS 57 in 7.217 seconds
[0m08:02:26.490133 [debug] [Dummy-1   ]: Wrote artifact CatalogArtifact to /tmp/dbt/target/catalog.json
[0m08:02:26.516917 [debug] [Dummy-1   ]: Wrote artifact WritableManifest to /tmp/dbt/target/manifest.json
[0m08:02:26.519150 [debug] [Dummy-1   ]: Wrote artifact SemanticManifest to /tmp/dbt/target/semantic_manifest.json
[0m08:02:26.519828 [info ] [Dummy-1   ]: Catalog written to /tmp/dbt/target/catalog.json
[0m08:02:26.521737 [debug] [Dummy-1   ]: Resource report: {"command_name": "generate", "command_success": true, "command_wall_clock_time": 11.199094, "process_in_blocks": "0", "process_kernel_time": 0.83, "process_mem_max_rss": "458684", "process_out_blocks": "0", "process_user_time": 4.71}
[0m08:02:26.522446 [debug] [Dummy-1   ]: Command `cli docs generate` succeeded at 08:02:26.522168 after 11.20 seconds
[0m08:02:26.523014 [debug] [Dummy-1   ]: Connection 'generate_catalog' was properly closed.
[0m08:02:26.523450 [debug] [Dummy-1   ]: Connection 'DBT_DEMO.information_schema' was properly closed.
[0m08:02:26.523923 [debug] [Dummy-1   ]: Flushing usage events


============================== 10:51:45.172686 | 1dc9d99c-3471-4503-b9cb-5ee09f8583d9 ==============================
[0m10:51:45.172686 [info ] [Dummy-1   ]: Running with dbt=1.9.4
[0m10:51:45.173600 [debug] [Dummy-1   ]: running dbt with arguments {'printer_width': '80', 'indirect_selection': 'eager', 'write_json': 'True', 'log_cache_events': 'False', 'partial_parse': 'True', 'cache_selected_only': 'False', 'profiles_dir': '/tmp/dbt/', 'debug': 'False', 'fail_fast': 'False', 'log_path': '/tmp/dbt/logs', 'warn_error': 'None', 'version_check': 'True', 'use_colors': 'True', 'use_experimental_parser': 'False', 'no_print': 'None', 'quiet': 'False', 'empty': 'False', 'warn_error_options': 'WarnErrorOptions(include=[], exclude=[])', 'invocation_command': 'dbt ', 'log_format': 'default', 'introspect': 'True', 'target_path': '/tmp/dbt/target/', 'static_parser': 'True', 'send_anonymous_usage_stats': 'False'}
[0m10:51:45.463553 [info ] [Dummy-1   ]: Registered adapter: snowflake=1.9.2
[0m10:51:45.505712 [debug] [Dummy-1   ]: checksum: 53ed91fada2233efb98368d1716b44ab532c83a9c293cf1890b7905d5b45fb25, vars: {}, profile: , target: dev, version: 1.9.4
[0m10:51:45.774733 [debug] [Dummy-1   ]: Partial parsing enabled: 0 files deleted, 0 files added, 0 files changed.
[0m10:51:45.775346 [debug] [Dummy-1   ]: Partial parsing enabled, no changes found, skipping parsing
[0m10:51:45.925051 [debug] [Dummy-1   ]: Wrote artifact WritableManifest to /tmp/dbt/target/manifest.json
[0m10:51:45.927102 [debug] [Dummy-1   ]: Wrote artifact SemanticManifest to /tmp/dbt/target/semantic_manifest.json
[0m10:51:45.970317 [info ] [Dummy-1   ]: Found 6 models, 20 data tests, 4 sources, 474 macros
[0m10:51:45.973151 [info ] [Dummy-1   ]: 
[0m10:51:45.973824 [info ] [Dummy-1   ]: Concurrency: 4 threads (target='dev')
[0m10:51:45.974368 [info ] [Dummy-1   ]: 
[0m10:51:45.975128 [debug] [Dummy-1   ]: Acquiring new snowflake connection 'master'
[0m10:51:45.981248 [debug] [ThreadPool]: Acquiring new snowflake connection 'list_DBT_DEMO'
[0m10:51:45.982609 [debug] [ThreadPool]: Acquiring new snowflake connection 'list_DBT_DEMO'
[0m10:51:46.077721 [debug] [ThreadPool]: Using snowflake connection "list_DBT_DEMO"
[0m10:51:46.078484 [debug] [ThreadPool]: Using snowflake connection "list_DBT_DEMO"
[0m10:51:46.079045 [debug] [ThreadPool]: On list_DBT_DEMO: /* {"app": "dbt", "dbt_version": "1.9.4", "profile_name": "dbt_demo", "target_name": "dev", "connection_name": "list_DBT_DEMO"} */
show terse schemas in database DBT_DEMO
    limit 10000
[0m10:51:46.079542 [debug] [ThreadPool]: On list_DBT_DEMO: /* {"app": "dbt", "dbt_version": "1.9.4", "profile_name": "dbt_demo", "target_name": "dev", "connection_name": "list_DBT_DEMO"} */
show terse schemas in database DBT_DEMO
    limit 10000
[0m10:51:46.080029 [debug] [ThreadPool]: Opening a new connection, currently in state init
[0m10:51:46.080466 [debug] [ThreadPool]: Opening a new connection, currently in state init
[0m10:51:46.792253 [debug] [ThreadPool]: SQL status: SUCCESS 7 in 0.712 seconds
[0m10:51:46.795427 [debug] [ThreadPool]: SQL status: SUCCESS 7 in 0.715 seconds
[0m10:51:46.799363 [debug] [ThreadPool]: Re-using an available connection from the pool (formerly list_DBT_DEMO, now list_DBT_DEMO_RAW_staging)
[0m10:51:46.800366 [debug] [ThreadPool]: Re-using an available connection from the pool (formerly list_DBT_DEMO, now list_DBT_DEMO_RAW_marts)
[0m10:51:46.817173 [debug] [ThreadPool]: Using snowflake connection "list_DBT_DEMO_RAW_staging"
[0m10:51:46.825811 [debug] [ThreadPool]: Using snowflake connection "list_DBT_DEMO_RAW_marts"
[0m10:51:46.826497 [debug] [ThreadPool]: On list_DBT_DEMO_RAW_staging: /* {"app": "dbt", "dbt_version": "1.9.4", "profile_name": "dbt_demo", "target_name": "dev", "connection_name": "list_DBT_DEMO_RAW_staging"} */
alter session set quoted_identifiers_ignore_case = false;
[0m10:51:46.827032 [debug] [ThreadPool]: On list_DBT_DEMO_RAW_marts: /* {"app": "dbt", "dbt_version": "1.9.4", "profile_name": "dbt_demo", "target_name": "dev", "connection_name": "list_DBT_DEMO_RAW_marts"} */
alter session set quoted_identifiers_ignore_case = false;
[0m10:51:46.827514 [debug] [ThreadPool]: Opening a new connection, currently in state init
[0m10:51:46.827984 [debug] [ThreadPool]: Opening a new connection, currently in state init
[0m10:51:47.584976 [debug] [ThreadPool]: SQL status: SUCCESS 1 in 0.757 seconds
[0m10:51:47.585901 [debug] [ThreadPool]: SQL status: SUCCESS 1 in 0.758 seconds
[0m10:51:47.590865 [debug] [ThreadPool]: Using snowflake connection "list_DBT_DEMO_RAW_staging"
[0m10:51:47.592823 [debug] [ThreadPool]: Using snowflake connection "list_DBT_DEMO_RAW_marts"
[0m10:51:47.593432 [debug] [ThreadPool]: On list_DBT_DEMO_RAW_staging: /* {"app": "dbt", "dbt_version": "1.9.4", "profile_name": "dbt_demo", "target_name": "dev", "connection_name": "list_DBT_DEMO_RAW_staging"} */
show objects in DBT_DEMO.RAW_staging
    limit 10000
    
;
[0m10:51:47.593950 [debug] [ThreadPool]: On list_DBT_DEMO_RAW_marts: /* {"app": "dbt", "dbt_version": "1.9.4", "profile_name": "dbt_demo", "target_name": "dev", "connection_name": "list_DBT_DEMO_RAW_marts"} */
show objects in DBT_DEMO.RAW_marts
    limit 10000
    
;
[0m10:51:48.042428 [debug] [ThreadPool]: SQL status: SUCCESS 2 in 0.447 seconds
[0m10:51:48.043492 [debug] [ThreadPool]: SQL status: SUCCESS 4 in 0.449 seconds
[0m10:51:48.045611 [debug] [ThreadPool]: Using snowflake connection "list_DBT_DEMO_RAW_marts"
[0m10:51:48.047588 [debug] [ThreadPool]: Using snowflake connection "list_DBT_DEMO_RAW_staging"
[0m10:51:48.048180 [debug] [ThreadPool]: On list_DBT_DEMO_RAW_marts: /* {"app": "dbt", "dbt_version": "1.9.4", "profile_name": "dbt_demo", "target_name": "dev", "connection_name": "list_DBT_DEMO_RAW_marts"} */
alter session unset quoted_identifiers_ignore_case;
[0m10:51:48.048671 [debug] [ThreadPool]: On list_DBT_DEMO_RAW_staging: /* {"app": "dbt", "dbt_version": "1.9.4", "profile_name": "dbt_demo", "target_name": "dev", "connection_name": "list_DBT_DEMO_RAW_staging"} */
alter session unset quoted_identifiers_ignore_case;
[0m10:51:48.158251 [debug] [ThreadPool]: SQL status: SUCCESS 1 in 0.109 seconds
[0m10:51:48.159156 [debug] [ThreadPool]: SQL status: SUCCESS 1 in 0.110 seconds
[0m10:51:48.170625 [debug] [Thread-2 (]: Began running node model.dbt_demo.stg_customers
[0m10:51:48.171789 [debug] [Thread-3 (]: Began running node model.dbt_demo.stg_order_items
[0m10:51:48.172510 [debug] [Thread-4 (]: Began running node model.dbt_demo.stg_orders
[0m10:51:48.173170 [debug] [Thread-5 (]: Began running node model.dbt_demo.stg_products
[0m10:51:48.174024 [info ] [Thread-2 (]: 1 of 6 START sql view model RAW_staging.stg_customers .......................... [RUN]
[0m10:51:48.174913 [info ] [Thread-3 (]: 2 of 6 START sql view model RAW_staging.stg_order_items ........................ [RUN]
[0m10:51:48.175806 [info ] [Thread-4 (]: 3 of 6 START sql view model RAW_staging.stg_orders ............................. [RUN]
[0m10:51:48.176672 [info ] [Thread-5 (]: 4 of 6 START sql view model RAW_staging.stg_products ........................... [RUN]
[0m10:51:48.177385 [debug] [Thread-2 (]: Re-using an available connection from the pool (formerly list_DBT_DEMO_RAW_marts, now model.dbt_demo.stg_customers)
[0m10:51:48.178000 [debug] [Thread-3 (]: Re-using an available connection from the pool (formerly list_DBT_DEMO_RAW_staging, now model.dbt_demo.stg_order_items)
[0m10:51:48.178684 [debug] [Thread-4 (]: Acquiring new snowflake connection 'model.dbt_demo.stg_orders'
[0m10:51:48.179304 [debug] [Thread-5 (]: Acquiring new snowflake connection 'model.dbt_demo.stg_products'
[0m10:51:48.179807 [debug] [Thread-2 (]: Began compiling node model.dbt_demo.stg_customers
[0m10:51:48.180318 [debug] [Thread-3 (]: Began compiling node model.dbt_demo.stg_order_items
[0m10:51:48.180816 [debug] [Thread-4 (]: Began compiling node model.dbt_demo.stg_orders
[0m10:51:48.181277 [debug] [Thread-5 (]: Began compiling node model.dbt_demo.stg_products
[0m10:51:48.193995 [debug] [Thread-2 (]: Writing injected SQL for node "model.dbt_demo.stg_customers"
[0m10:51:48.203186 [debug] [Thread-3 (]: Writing injected SQL for node "model.dbt_demo.stg_order_items"
[0m10:51:48.211433 [debug] [Thread-4 (]: Writing injected SQL for node "model.dbt_demo.stg_orders"
[0m10:51:48.220535 [debug] [Thread-5 (]: Writing injected SQL for node "model.dbt_demo.stg_products"
[0m10:51:48.221719 [debug] [Thread-2 (]: Began executing node model.dbt_demo.stg_customers
[0m10:51:48.222535 [debug] [Thread-3 (]: Began executing node model.dbt_demo.stg_order_items
[0m10:51:48.223398 [debug] [Thread-4 (]: Began executing node model.dbt_demo.stg_orders
[0m10:51:48.234706 [debug] [Thread-5 (]: Began executing node model.dbt_demo.stg_products
[0m10:51:48.279838 [debug] [Thread-2 (]: Writing runtime sql for node "model.dbt_demo.stg_customers"
[0m10:51:48.292927 [debug] [Thread-3 (]: Writing runtime sql for node "model.dbt_demo.stg_order_items"
[0m10:51:48.301312 [debug] [Thread-4 (]: Writing runtime sql for node "model.dbt_demo.stg_orders"
[0m10:51:48.310130 [debug] [Thread-5 (]: Writing runtime sql for node "model.dbt_demo.stg_products"
[0m10:51:48.311756 [debug] [Thread-2 (]: Using snowflake connection "model.dbt_demo.stg_customers"
[0m10:51:48.312981 [debug] [Thread-3 (]: Using snowflake connection "model.dbt_demo.stg_order_items"
[0m10:51:48.314235 [debug] [Thread-4 (]: Using snowflake connection "model.dbt_demo.stg_orders"
[0m10:51:48.314888 [debug] [Thread-2 (]: On model.dbt_demo.stg_customers: /* {"app": "dbt", "dbt_version": "1.9.4", "profile_name": "dbt_demo", "target_name": "dev", "node_id": "model.dbt_demo.stg_customers"} */
create or replace   view DBT_DEMO.RAW_staging.stg_customers
  
   as (
    with source as (
    select * from DBT_DEMO.RAW.customers
),

renamed as (
    select
        customer_id,
        first_name,
        last_name,
        first_name || ' ' || last_name as full_name,
        email,
        country,
        created_at as customer_created_at
    from source
)

select * from renamed
  );
[0m10:51:48.315830 [debug] [Thread-5 (]: Using snowflake connection "model.dbt_demo.stg_products"
[0m10:51:48.316367 [debug] [Thread-3 (]: On model.dbt_demo.stg_order_items: /* {"app": "dbt", "dbt_version": "1.9.4", "profile_name": "dbt_demo", "target_name": "dev", "node_id": "model.dbt_demo.stg_order_items"} */
create or replace   view DBT_DEMO.RAW_staging.stg_order_items
  
   as (
    with source as (
    select * from DBT_DEMO.RAW.order_items
),

renamed as (
    select
        order_item_id,
        order_id,
        product_id,
        quantity
    from source
)

select * from renamed
  );
[0m10:51:48.316933 [debug] [Thread-4 (]: On model.dbt_demo.stg_orders: /* {"app": "dbt", "dbt_version": "1.9.4", "profile_name": "dbt_demo", "target_name": "dev", "node_id": "model.dbt_demo.stg_orders"} */
create or replace   view DBT_DEMO.RAW_staging.stg_orders
  
   as (
    with source as (
    select * from DBT_DEMO.RAW.orders
),

renamed as (
    select
        order_id,
        customer_id,
        order_date,
        status as order_status
    from source
)

select * from renamed
  );
[0m10:51:48.317511 [debug] [Thread-2 (]: Opening a new connection, currently in state init
[0m10:51:48.318048 [debug] [Thread-5 (]: On model.dbt_demo.stg_products: /* {"app": "dbt", "dbt_version": "1.9.4", "profile_name": "dbt_demo", "target_name": "dev", "node_id": "model.dbt_demo.stg_products"} */
create or replace   view DBT_DEMO.RAW_staging.stg_products
  
   as (
    with source as (
    select * from DBT_DEMO.RAW.products
),

renamed as (
    select
        product_id,
        product_name,
        category,
        price as unit_price
    from source
)

select * from renamed
  );
[0m10:51:48.318625 [debug] [Thread-3 (]: Opening a new connection, currently in state init
[0m10:51:48.319117 [debug] [Thread-4 (]: Opening a new connection, currently in state init
[0m10:51:48.319794 [debug] [Thread-5 (]: Opening a new connection, currently in state init
[0m10:51:49.327463 [debug] [Thread-5 (]: SQL status: SUCCESS 1 in 1.007 seconds
[0m10:51:49.328441 [debug] [Thread-3 (]: SQL status: SUCCESS 1 in 1.010 seconds
[0m10:51:49.334864 [debug] [Thread-4 (]: SQL status: SUCCESS 1 in 1.016 seconds
[0m10:51:49.363133 [info ] [Thread-5 (]: 4 of 6 OK created sql view model RAW_staging.stg_products ...................... [[32mSUCCESS 1[0m in 1.18s]
[0m10:51:49.364139 [info ] [Thread-3 (]: 2 of 6 OK created sql view model RAW_staging.stg_order_items ................... [[32mSUCCESS 1[0m in 1.18s]
[0m10:51:49.365049 [info ] [Thread-4 (]: 3 of 6 OK created sql view model RAW_staging.stg_orders ........................ [[32mSUCCESS 1[0m in 1.18s]
[0m10:51:49.365908 [debug] [Thread-5 (]: Finished running node model.dbt_demo.stg_products
[0m10:51:49.366648 [debug] [Thread-3 (]: Finished running node model.dbt_demo.stg_order_items
[0m10:51:49.367324 [debug] [Thread-4 (]: Finished running node model.dbt_demo.stg_orders
[0m10:51:49.369433 [debug] [Thread-5 (]: Began running node model.dbt_demo.fct_order_lines
[0m10:51:49.370265 [info ] [Thread-5 (]: 5 of 6 START sql table model RAW_marts.fct_order_lines ......................... [RUN]
[0m10:51:49.370930 [debug] [Thread-5 (]: Re-using an available connection from the pool (formerly model.dbt_demo.stg_products, now model.dbt_demo.fct_order_lines)
[0m10:51:49.371405 [debug] [Thread-5 (]: Began compiling node model.dbt_demo.fct_order_lines
[0m10:51:49.380562 [debug] [Thread-2 (]: SQL status: SUCCESS 1 in 1.063 seconds
[0m10:51:49.381149 [debug] [Thread-5 (]: Writing injected SQL for node "model.dbt_demo.fct_order_lines"
[0m10:51:49.384175 [info ] [Thread-2 (]: 1 of 6 OK created sql view model RAW_staging.stg_customers ..................... [[32mSUCCESS 1[0m in 1.21s]
[0m10:51:49.385256 [debug] [Thread-2 (]: Finished running node model.dbt_demo.stg_customers
[0m10:51:49.385901 [debug] [Thread-5 (]: Began executing node model.dbt_demo.fct_order_lines
[0m10:51:49.387247 [debug] [Thread-4 (]: Began running node model.dbt_demo.dim_customers
[0m10:51:49.419020 [debug] [Thread-5 (]: Writing runtime sql for node "model.dbt_demo.fct_order_lines"
[0m10:51:49.419917 [info ] [Thread-4 (]: 6 of 6 START sql table model RAW_marts.dim_customers ........................... [RUN]
[0m10:51:49.421011 [debug] [Thread-4 (]: Re-using an available connection from the pool (formerly model.dbt_demo.stg_orders, now model.dbt_demo.dim_customers)
[0m10:51:49.422503 [debug] [Thread-5 (]: Using snowflake connection "model.dbt_demo.fct_order_lines"
[0m10:51:49.423027 [debug] [Thread-4 (]: Began compiling node model.dbt_demo.dim_customers
[0m10:51:49.423623 [debug] [Thread-5 (]: On model.dbt_demo.fct_order_lines: /* {"app": "dbt", "dbt_version": "1.9.4", "profile_name": "dbt_demo", "target_name": "dev", "node_id": "model.dbt_demo.fct_order_lines"} */
create or replace transient table DBT_DEMO.RAW_marts.fct_order_lines
         as
        (with orders as (
    select * from DBT_DEMO.RAW_staging.stg_orders
),

order_items as (
    select * from DBT_DEMO.RAW_staging.stg_order_items
),

products as (
    select * from DBT_DEMO.RAW_staging.stg_products
),

final as (
    select
        oi.order_item_id,
        o.order_id,
        o.customer_id,
        o.order_date,
        o.order_status,
        oi.product_id,
        p.product_name,
        p.category,
        oi.quantity,
        p.unit_price,
        oi.quantity * p.unit_price as line_total
    from orders o
    join order_items oi on o.order_id = oi.order_id
    join products p on oi.product_id = p.product_id
)

select * from final
        );
[0m10:51:49.432616 [debug] [Thread-4 (]: Writing injected SQL for node "model.dbt_demo.dim_customers"
[0m10:51:49.433241 [debug] [Thread-5 (]: Opening a new connection, currently in state init
[0m10:51:49.434195 [debug] [Thread-4 (]: Began executing node model.dbt_demo.dim_customers
[0m10:51:49.521789 [debug] [Thread-4 (]: Writing runtime sql for node "model.dbt_demo.dim_customers"
[0m10:51:49.524718 [debug] [Thread-4 (]: Using snowflake connection "model.dbt_demo.dim_customers"
[0m10:51:49.525375 [debug] [Thread-4 (]: On model.dbt_demo.dim_customers: /* {"app": "dbt", "dbt_version": "1.9.4", "profile_name": "dbt_demo", "target_name": "dev", "node_id": "model.dbt_demo.dim_customers"} */
create or replace transient table DBT_DEMO.RAW_marts.dim_customers
         as
        (with customers as (
    select * from DBT_DEMO.RAW_staging.stg_customers
),

orders as (
    select * from DBT_DEMO.RAW_staging.stg_orders
),

order_items as (
    select * from DBT_DEMO.RAW_staging.stg_order_items
),

products as (
    select * from DBT_DEMO.RAW_staging.stg_products
),

order_totals as (
    select
        o.order_id,
        o.customer_id,
        o.order_date,
        o.order_status,
        sum(oi.quantity * p.unit_price) as order_total
    from orders o
    join order_items oi on o.order_id = oi.order_id
    join products p on oi.product_id = p.product_id
    group by 1, 2, 3, 4
),

customer_metrics as (
    select
        c.customer_id,
        c.full_name,
        c.email,
        c.country,
        c.customer_created_at,
        count(distinct ot.order_id) as total_orders,
        coalesce(sum(ot.order_total), 0) as lifetime_value,
        min(ot.order_date) as first_order_date,
        max(ot.order_date) as last_order_date
    from customers c
    left join order_totals ot on c.customer_id = ot.customer_id
    group by 1, 2, 3, 4, 5
)

select * from customer_metrics
        );
[0m10:51:49.525960 [debug] [Thread-4 (]: Opening a new connection, currently in state init
[0m10:51:51.942085 [debug] [Thread-5 (]: SQL status: SUCCESS 1 in 2.509 seconds
[0m10:51:51.945617 [info ] [Thread-5 (]: 5 of 6 OK created sql table model RAW_marts.fct_order_lines .................... [[32mSUCCESS 1[0m in 2.57s]
[0m10:51:51.946414 [debug] [Thread-5 (]: Finished running node model.dbt_demo.fct_order_lines
[0m10:51:51.997205 [debug] [Thread-4 (]: SQL status: SUCCESS 1 in 2.471 seconds
[0m10:51:52.000268 [info ] [Thread-4 (]: 6 of 6 OK created sql table model RAW_marts.dim_customers ...................... [[32mSUCCESS 1[0m in 2.58s]
[0m10:51:52.001038 [debug] [Thread-4 (]: Finished running node model.dbt_demo.dim_customers
[0m10:51:52.004418 [debug] [Dummy-1   ]: Connection 'master' was properly closed.
[0m10:51:52.005111 [debug] [Dummy-1   ]: Connection 'model.dbt_demo.stg_customers' was properly closed.
[0m10:51:52.005621 [debug] [Dummy-1   ]: Connection 'model.dbt_demo.stg_order_items' was properly closed.
[0m10:51:52.006010 [debug] [Dummy-1   ]: Connection 'model.dbt_demo.dim_customers' was properly closed.
[0m10:51:52.006405 [debug] [Dummy-1   ]: Connection 'model.dbt_demo.fct_order_lines' was properly closed.
[0m10:51:52.007060 [info ] [Dummy-1   ]: 
[0m10:51:52.007671 [info ] [Dummy-1   ]: Finished running 2 table models, 4 view models in 0 hours 0 minutes and 6.03 seconds (6.03s).
[0m10:51:52.009105 [debug] [Dummy-1   ]: Command end result
[0m10:51:52.035419 [debug] [Dummy-1   ]: Wrote artifact WritableManifest to /tmp/dbt/target/manifest.json
[0m10:51:52.037421 [debug] [Dummy-1   ]: Wrote artifact SemanticManifest to /tmp/dbt/target/semantic_manifest.json
[0m10:51:52.043755 [debug] [Dummy-1   ]: Wrote artifact RunExecutionResult to /tmp/dbt/target/run_results.json
[0m10:51:52.044375 [info ] [Dummy-1   ]: 
[0m10:51:52.045069 [info ] [Dummy-1   ]: [32mCompleted successfully[0m
[0m10:51:52.045614 [info ] [Dummy-1   ]: 
[0m10:51:52.046185 [info ] [Dummy-1   ]: Done. PASS=6 WARN=0 ERROR=0 SKIP=0 TOTAL=6
[0m10:51:52.047860 [debug] [Dummy-1   ]: Resource report: {"command_name": "run", "command_success": true, "command_wall_clock_time": 6.951314, "process_in_blocks": "0", "process_kernel_time": 0.85, "process_mem_max_rss": "462748", "process_out_blocks": "0", "process_user_time": 4.6}
[0m10:51:52.048519 [debug] [Dummy-1   ]: Command `cli run` succeeded at 10:51:52.048257 after 6.95 seconds
[0m10:51:52.049055 [debug] [Dummy-1   ]: Flushing usage events
